episode,reward,length,terminated,truncated,outcome
1,-253.66,101,1,0,out_of_bounds
2,-9.70,107,1,0,crashed
3,-299.86,73,1,0,crashed
4,-138.21,95,1,0,crashed
5,-206.90,96,1,0,crashed
6,-155.66,72,1,0,crashed
7,-266.11,104,1,0,crashed
8,-248.01,102,1,0,crashed
9,-109.49,71,1,0,crashed
10,-132.43,117,1,0,crashed
11,-105.62,78,1,0,crashed
12,-213.20,72,1,0,crashed
13,-294.55,125,1,0,out_of_bounds
14,-370.61,93,1,0,out_of_bounds
15,-367.22,107,1,0,out_of_bounds
16,-128.42,94,1,0,crashed
17,-106.39,62,1,0,crashed
18,-303.75,92,1,0,crashed
19,-387.56,100,1,0,crashed
20,-193.09,109,1,0,crashed
21,-315.43,78,1,0,crashed
22,-273.10,71,1,0,crashed
23,-179.11,67,1,0,crashed
24,-79.28,83,1,0,crashed
25,-113.94,99,1,0,crashed
26,-127.53,78,1,0,crashed
27,-99.91,88,1,0,crashed
28,-288.16,135,1,0,crashed
29,-85.77,79,1,0,crashed
30,-91.12,61,1,0,crashed
31,-365.52,89,1,0,out_of_bounds
32,-109.95,86,1,0,crashed
33,-94.99,88,1,0,crashed
34,-142.53,114,1,0,crashed
35,-169.08,111,1,0,crashed
36,-103.04,118,1,0,crashed
37,-50.76,66,1,0,crashed
38,-271.96,147,1,0,crashed
39,-79.76,123,1,0,crashed
40,-158.18,85,1,0,crashed
41,-262.35,72,1,0,crashed
42,-373.04,98,1,0,crashed
43,-101.86,78,1,0,crashed
44,-243.82,118,1,0,crashed
45,-91.33,97,1,0,crashed
46,-281.74,96,1,0,crashed
47,-119.68,92,1,0,crashed
48,-104.27,66,1,0,crashed
49,-78.45,77,1,0,crashed
50,-87.85,83,1,0,crashed
51,-312.11,73,1,0,crashed
52,-168.02,68,1,0,crashed
53,-378.77,91,1,0,crashed
54,-261.80,99,1,0,crashed
55,-87.73,65,1,0,crashed
56,-121.47,105,1,0,crashed
57,-131.64,89,1,0,crashed
58,-107.55,76,1,0,crashed
59,-125.34,118,1,0,crashed
60,-17.25,115,1,0,crashed
61,-141.68,90,1,0,crashed
62,-182.40,74,1,0,crashed
63,-120.10,82,1,0,crashed
64,-184.24,106,1,0,crashed
65,-116.71,126,1,0,crashed
66,-324.31,69,1,0,crashed
67,-119.50,74,1,0,crashed
68,-286.74,95,1,0,out_of_bounds
69,-127.12,111,1,0,crashed
70,-112.12,132,1,0,crashed
71,-125.27,105,1,0,crashed
72,-176.92,86,1,0,crashed
73,-211.65,146,1,0,crashed
74,-100.99,102,1,0,crashed
75,-120.82,98,1,0,crashed
76,-391.72,84,1,0,crashed
77,-331.72,91,1,0,crashed
78,-63.54,90,1,0,crashed
79,-86.39,70,1,0,crashed
80,-82.33,84,1,0,crashed
81,-51.71,84,1,0,crashed
82,-341.18,92,1,0,crashed
83,-144.28,137,1,0,crashed
84,-171.98,112,1,0,out_of_bounds
85,-181.94,98,1,0,crashed
86,-75.51,62,1,0,crashed
87,-478.39,90,1,0,crashed
88,-111.89,117,1,0,crashed
89,-113.45,87,1,0,crashed
90,-85.45,152,1,0,crashed
91,-156.41,66,1,0,crashed
92,-234.81,73,1,0,crashed
93,-235.15,104,1,0,out_of_bounds
94,-167.31,90,1,0,crashed
95,-149.66,118,1,0,crashed
96,-135.98,57,1,0,crashed
97,-22.03,123,1,0,crashed
98,-91.63,80,1,0,crashed
99,-248.30,95,1,0,out_of_bounds
100,-100.99,81,1,0,crashed
101,-454.58,127,1,0,out_of_bounds
102,-161.21,107,1,0,crashed
103,-98.48,72,1,0,crashed
104,-92.38,83,1,0,crashed
105,-233.96,75,1,0,crashed
106,-296.20,106,1,0,crashed
107,-79.70,90,1,0,crashed
108,-90.38,91,1,0,crashed
109,-156.93,112,1,0,crashed
110,-320.82,130,1,0,crashed
111,-4.09,109,1,0,crashed
112,-278.55,113,1,0,crashed
113,-292.22,93,1,0,out_of_bounds
114,-77.59,69,1,0,crashed
115,-120.79,87,1,0,crashed
116,-85.08,71,1,0,crashed
117,-144.97,96,1,0,crashed
118,-122.09,118,1,0,crashed
119,-121.49,84,1,0,crashed
120,-52.43,69,1,0,crashed
121,-34.88,64,1,0,crashed
122,-98.85,52,1,0,crashed
123,-206.01,76,1,0,crashed
124,-127.84,61,1,0,crashed
125,-109.03,131,1,0,crashed
126,-133.77,79,1,0,crashed
127,-130.41,113,1,0,crashed
128,-87.27,75,1,0,crashed
129,-94.19,99,1,0,crashed
130,-157.12,73,1,0,crashed
131,-143.80,114,1,0,crashed
132,-306.54,79,1,0,crashed
133,-83.33,57,1,0,crashed
134,-174.27,101,1,0,out_of_bounds
135,-189.99,138,1,0,crashed
136,-471.07,122,1,0,crashed
137,-111.56,106,1,0,crashed
138,-134.96,93,1,0,crashed
139,-130.05,80,1,0,crashed
140,-387.10,88,1,0,out_of_bounds
141,-82.34,71,1,0,crashed
142,-160.00,111,1,0,out_of_bounds
143,-286.64,92,1,0,crashed
144,-82.02,72,1,0,crashed
145,-99.66,88,1,0,crashed
146,-280.29,127,1,0,out_of_bounds
147,-269.19,95,1,0,crashed
148,-132.23,107,1,0,crashed
149,-107.93,92,1,0,crashed
150,-377.64,105,1,0,out_of_bounds
151,-99.22,88,1,0,crashed
152,-220.85,133,1,0,crashed
153,-178.20,77,1,0,crashed
154,-444.80,131,1,0,crashed
155,-59.86,121,1,0,crashed
156,-123.55,87,1,0,crashed
157,-411.06,71,1,0,crashed
158,-100.23,74,1,0,crashed
159,-77.14,66,1,0,crashed
160,-167.42,110,1,0,out_of_bounds
161,-564.77,115,1,0,crashed
162,-516.64,132,1,0,out_of_bounds
163,-170.77,87,1,0,crashed
164,-52.09,100,1,0,crashed
165,-90.87,71,1,0,crashed
166,-253.02,95,1,0,crashed
167,-94.22,76,1,0,crashed
168,-47.45,149,1,0,crashed
169,-249.38,108,1,0,out_of_bounds
170,-94.47,123,1,0,crashed
171,-355.30,119,1,0,crashed
172,-166.53,102,1,0,crashed
173,-320.41,80,1,0,crashed
174,-297.56,103,1,0,out_of_bounds
175,-187.76,114,1,0,out_of_bounds
176,-191.94,127,1,0,crashed
177,-241.74,93,1,0,crashed
178,-247.24,132,1,0,crashed
179,-110.47,101,1,0,crashed
180,-314.20,104,1,0,crashed
181,-243.58,81,1,0,crashed
182,-233.31,84,1,0,crashed
183,-371.45,87,1,0,crashed
184,-103.47,119,1,0,crashed
185,-77.18,70,1,0,crashed
186,-258.83,94,1,0,crashed
187,-118.00,149,1,0,crashed
188,-73.61,151,1,0,crashed
189,-94.74,84,1,0,crashed
190,-147.35,97,1,0,crashed
191,-131.34,71,1,0,crashed
192,-81.19,128,1,0,crashed
193,-136.71,95,1,0,crashed
194,-106.82,132,1,0,crashed
195,-372.97,98,1,0,out_of_bounds
196,-229.14,120,1,0,crashed
197,-119.47,78,1,0,crashed
198,-118.68,107,1,0,crashed
199,-194.49,122,1,0,crashed
200,-83.40,113,1,0,crashed
201,-42.87,67,1,0,crashed
202,-196.00,127,1,0,crashed
203,-130.96,107,1,0,crashed
204,-180.08,109,1,0,out_of_bounds
205,-117.68,140,1,0,crashed
206,-130.23,109,1,0,crashed
207,-202.68,133,1,0,crashed
208,-48.76,165,1,0,crashed
209,-87.64,114,1,0,crashed
210,-137.31,109,1,0,crashed
211,-180.07,143,1,0,crashed
212,-91.16,69,1,0,crashed
213,-239.09,132,1,0,crashed
214,-111.02,112,1,0,crashed
215,-150.50,51,1,0,crashed
216,-121.13,78,1,0,crashed
217,-152.80,71,1,0,crashed
218,-269.03,117,1,0,crashed
219,-148.63,70,1,0,crashed
220,-174.55,120,1,0,out_of_bounds
221,-136.50,85,1,0,crashed
222,-119.65,109,1,0,crashed
223,-107.63,92,1,0,crashed
224,-177.04,97,1,0,crashed
225,-100.11,73,1,0,crashed
226,-89.45,77,1,0,crashed
227,-113.33,74,1,0,crashed
228,-233.41,176,1,0,out_of_bounds
229,-119.02,78,1,0,crashed
230,-125.01,99,1,0,crashed
231,-62.16,112,1,0,crashed
232,-96.08,59,1,0,crashed
233,-54.65,81,1,0,crashed
234,-214.03,113,1,0,crashed
235,-245.69,140,1,0,crashed
236,-71.00,63,1,0,crashed
237,-63.41,120,1,0,crashed
238,-71.61,80,1,0,crashed
239,-28.65,122,1,0,crashed
240,-94.54,61,1,0,crashed
241,-83.71,76,1,0,crashed
242,-204.68,129,1,0,crashed
243,-122.22,108,1,0,crashed
244,-90.85,72,1,0,crashed
245,-90.02,126,1,0,crashed
246,-174.35,126,1,0,crashed
247,-231.76,124,1,0,crashed
248,-116.30,82,1,0,crashed
249,-109.98,118,1,0,crashed
250,-110.43,133,1,0,crashed
251,-154.43,121,1,0,crashed
252,-60.24,155,1,0,crashed
253,-141.72,106,1,0,crashed
254,-96.86,105,1,0,crashed
255,-201.87,103,1,0,crashed
256,-204.95,124,1,0,crashed
257,-136.38,92,1,0,crashed
258,-206.17,82,1,0,crashed
259,19.77,185,1,0,crashed
260,-58.09,94,1,0,crashed
261,-78.63,76,1,0,crashed
262,-266.97,127,1,0,crashed
263,-317.91,112,1,0,crashed
264,-210.78,91,1,0,crashed
265,-171.04,167,1,0,crashed
266,-118.71,116,1,0,crashed
267,-133.18,86,1,0,crashed
268,-92.71,87,1,0,crashed
269,-70.27,116,1,0,crashed
270,-222.96,124,1,0,crashed
271,-110.75,131,1,0,out_of_bounds
272,-95.40,62,1,0,crashed
273,-186.86,130,1,0,crashed
274,-66.72,80,1,0,crashed
275,-107.53,74,1,0,crashed
276,-310.59,157,1,0,crashed
277,-415.02,74,1,0,out_of_bounds
278,-109.27,143,1,0,crashed
279,11.48,1000,0,1,time_limit
280,-58.99,74,1,0,crashed
281,-170.19,158,1,0,crashed
282,-257.23,100,1,0,crashed
283,-140.42,123,1,0,crashed
284,-135.10,124,1,0,crashed
285,-187.49,91,1,0,crashed
286,-11.89,127,1,0,crashed
287,-130.05,82,1,0,crashed
288,-246.05,120,1,0,crashed
289,-75.67,114,1,0,crashed
290,-115.45,80,1,0,crashed
291,-186.20,87,1,0,crashed
292,-277.95,122,1,0,crashed
293,-146.36,75,1,0,crashed
294,-64.74,82,1,0,crashed
295,-106.25,95,1,0,crashed
296,-431.48,146,1,0,crashed
297,-172.59,126,1,0,crashed
298,-103.76,124,1,0,crashed
299,-72.38,120,1,0,crashed
300,-69.81,78,1,0,crashed
301,-195.35,193,1,0,crashed
302,-76.37,98,1,0,crashed
303,-69.35,125,1,0,crashed
304,-316.53,129,1,0,crashed
305,-288.91,121,1,0,crashed
306,-301.27,150,1,0,crashed
307,-126.27,204,1,0,crashed
308,-73.35,96,1,0,crashed
309,-294.71,155,1,0,crashed
310,-13.84,233,1,0,crashed
311,-142.13,118,1,0,crashed
312,-61.12,91,1,0,crashed
313,-110.63,107,1,0,crashed
314,-74.04,156,1,0,crashed
315,-38.83,134,1,0,crashed
316,-143.08,159,1,0,crashed
317,-239.87,102,1,0,crashed
318,-85.98,142,1,0,crashed
319,-369.75,218,1,0,crashed
320,-85.17,80,1,0,crashed
321,-37.81,105,1,0,crashed
322,-114.72,130,1,0,crashed
323,-64.09,115,1,0,crashed
324,-91.10,84,1,0,crashed
325,-38.16,111,1,0,crashed
326,-70.06,96,1,0,crashed
327,-37.44,195,1,0,crashed
328,-334.07,173,1,0,out_of_bounds
329,-77.86,131,1,0,crashed
330,-175.09,105,1,0,out_of_bounds
331,-76.99,166,1,0,crashed
332,-74.74,190,1,0,crashed
333,-77.32,125,1,0,crashed
334,-89.82,252,1,0,crashed
335,-114.93,96,1,0,crashed
336,-56.67,149,1,0,crashed
337,-77.63,140,1,0,crashed
338,-321.59,137,1,0,crashed
339,-134.24,205,1,0,crashed
340,-67.81,140,1,0,crashed
341,-282.51,141,1,0,crashed
342,-57.93,94,1,0,crashed
343,-59.86,110,1,0,crashed
344,5.15,178,1,0,crashed
345,-300.84,230,1,0,crashed
346,-143.95,160,1,0,crashed
347,-248.95,130,1,0,crashed
348,-44.47,135,1,0,crashed
349,-96.66,129,1,0,crashed
350,-292.69,134,1,0,crashed
351,-330.44,200,1,0,out_of_bounds
352,-173.53,112,1,0,crashed
353,-23.75,118,1,0,crashed
354,-212.75,116,1,0,crashed
355,-267.36,126,1,0,crashed
356,-82.45,88,1,0,crashed
357,-28.34,148,1,0,crashed
358,-112.73,184,1,0,crashed
359,-114.60,136,1,0,crashed
360,-77.26,153,1,0,crashed
361,-113.35,156,1,0,crashed
362,-43.13,93,1,0,crashed
363,-74.91,94,1,0,crashed
364,-140.68,150,1,0,crashed
365,-49.02,79,1,0,crashed
366,-26.46,220,1,0,crashed
367,-164.70,105,1,0,crashed
368,-77.12,135,1,0,crashed
369,-57.43,111,1,0,crashed
370,-50.82,142,1,0,crashed
371,-89.69,137,1,0,crashed
372,-29.07,137,1,0,crashed
373,-167.50,87,1,0,crashed
374,-33.74,92,1,0,crashed
375,-10.48,89,1,0,crashed
376,-248.44,152,1,0,crashed
377,-74.96,145,1,0,crashed
378,-77.07,90,1,0,crashed
379,-286.59,159,1,0,crashed
380,-10.02,81,1,0,crashed
381,-153.72,94,1,0,crashed
382,-27.53,106,1,0,crashed
383,-27.19,110,1,0,crashed
384,-87.52,104,1,0,crashed
385,-72.14,163,1,0,crashed
386,-68.34,149,1,0,crashed
387,-170.79,230,1,0,crashed
388,-166.18,156,1,0,crashed
389,-279.70,161,1,0,crashed
390,-37.50,148,1,0,crashed
391,-210.14,183,1,0,crashed
392,-33.56,135,1,0,crashed
393,-338.27,182,1,0,crashed
394,-84.70,199,1,0,crashed
395,-256.80,251,1,0,crashed
396,-25.49,119,1,0,crashed
397,-291.31,120,1,0,crashed
398,-16.44,87,1,0,crashed
399,-38.75,140,1,0,crashed
400,-281.62,168,1,0,out_of_bounds
401,-83.13,91,1,0,crashed
402,-66.09,101,1,0,crashed
403,-51.64,126,1,0,crashed
404,-167.98,92,1,0,crashed
405,24.78,114,1,0,crashed
406,-98.28,275,1,0,crashed
407,-367.46,182,1,0,crashed
408,-113.74,187,1,0,crashed
409,-65.20,148,1,0,crashed
410,-195.68,130,1,0,crashed
411,-133.21,105,1,0,crashed
412,-54.14,112,1,0,crashed
413,-288.55,174,1,0,out_of_bounds
414,-450.95,213,1,0,crashed
415,-78.63,75,1,0,crashed
416,-57.39,152,1,0,crashed
417,-38.64,157,1,0,crashed
418,-95.90,218,1,0,crashed
419,-46.18,94,1,0,crashed
420,-48.41,87,1,0,crashed
421,-61.84,90,1,0,crashed
422,-65.71,223,1,0,crashed
423,-204.50,184,1,0,crashed
424,29.79,133,1,0,crashed
425,-207.40,92,1,0,crashed
426,6.94,148,1,0,crashed
427,-22.58,121,1,0,crashed
428,68.18,118,1,0,crashed
429,-181.25,105,1,0,crashed
430,-66.70,149,1,0,crashed
431,9.48,160,1,0,crashed
432,-127.00,346,1,0,crashed
433,-6.73,167,1,0,crashed
434,-90.99,169,1,0,crashed
435,-64.00,118,1,0,crashed
436,-133.78,91,1,0,crashed
437,-276.69,310,1,0,out_of_bounds
438,-173.33,228,1,0,crashed
439,-51.62,100,1,0,crashed
440,-193.49,180,1,0,crashed
441,32.75,167,1,0,crashed
442,-42.78,82,1,0,crashed
443,-83.49,265,1,0,crashed
444,-24.20,192,1,0,crashed
445,14.25,143,1,0,crashed
446,-48.02,122,1,0,crashed
447,-71.25,117,1,0,crashed
448,-140.24,239,1,0,crashed
449,-107.34,168,1,0,crashed
450,-95.59,168,1,0,crashed
451,-131.74,213,1,0,crashed
452,-89.74,200,1,0,crashed
453,-99.55,230,1,0,crashed
454,-2.70,138,1,0,crashed
455,-34.16,95,1,0,crashed
456,-78.14,222,1,0,crashed
457,-217.53,279,1,0,crashed
458,-167.31,122,1,0,crashed
459,-66.92,149,1,0,crashed
460,-49.99,122,1,0,crashed
461,-20.78,103,1,0,crashed
462,-22.72,111,1,0,crashed
463,-78.07,242,1,0,crashed
464,-305.36,306,1,0,crashed
465,-21.95,115,1,0,crashed
466,-29.79,134,1,0,crashed
467,4.55,238,1,0,crashed
468,-76.77,234,1,0,crashed
469,-60.85,87,1,0,crashed
470,-66.48,117,1,0,crashed
471,-38.21,135,1,0,crashed
472,-52.15,159,1,0,crashed
473,-29.67,170,1,0,crashed
474,-83.95,668,1,0,crashed
475,-57.93,91,1,0,crashed
476,-60.18,95,1,0,crashed
477,-76.53,71,1,0,crashed
478,-61.67,80,1,0,crashed
479,-60.67,78,1,0,crashed
480,-158.73,284,1,0,crashed
481,-200.74,175,1,0,crashed
482,-1.19,79,1,0,crashed
483,-116.29,100,1,0,crashed
484,-83.14,151,1,0,crashed
485,-95.44,100,1,0,crashed
486,-92.41,144,1,0,crashed
487,-72.62,74,1,0,crashed
488,-88.02,110,1,0,crashed
489,-92.84,149,1,0,crashed
490,-51.47,141,1,0,crashed
491,-11.78,104,1,0,crashed
492,-61.84,145,1,0,crashed
493,-33.03,208,1,0,crashed
494,-55.46,121,1,0,crashed
495,-54.64,149,1,0,crashed
496,-34.37,165,1,0,crashed
497,-72.30,193,1,0,crashed
498,-20.51,123,1,0,crashed
499,-46.31,134,1,0,crashed
500,-69.47,152,1,0,crashed
501,1.99,189,1,0,crashed
502,0.81,169,1,0,crashed
503,-25.30,135,1,0,crashed
504,-102.95,265,1,0,crashed
505,-47.80,187,1,0,crashed
506,-39.18,91,1,0,crashed
507,-25.32,144,1,0,crashed
508,-89.25,165,1,0,crashed
509,-107.53,199,1,0,crashed
510,-73.68,135,1,0,crashed
511,-13.10,185,1,0,crashed
512,-82.95,105,1,0,crashed
513,-76.57,122,1,0,crashed
514,-57.35,88,1,0,crashed
515,-53.39,357,1,0,crashed
516,-91.04,119,1,0,crashed
517,-23.07,129,1,0,crashed
518,-91.36,198,1,0,crashed
519,-29.96,190,1,0,crashed
520,-48.93,97,1,0,crashed
521,-128.27,159,1,0,crashed
522,-45.84,88,1,0,crashed
523,-76.13,112,1,0,crashed
524,-84.68,124,1,0,crashed
525,-19.44,111,1,0,crashed
526,-32.89,196,1,0,crashed
527,-18.41,199,1,0,crashed
528,-17.26,263,1,0,crashed
529,-56.42,226,1,0,crashed
530,-35.85,154,1,0,crashed
531,-27.74,182,1,0,crashed
532,-22.14,134,1,0,crashed
533,-42.53,147,1,0,crashed
534,-50.95,155,1,0,crashed
535,-58.90,159,1,0,crashed
536,-79.35,183,1,0,crashed
537,-59.39,208,1,0,crashed
538,-48.47,104,1,0,crashed
539,-46.09,205,1,0,crashed
540,-118.30,206,1,0,crashed
541,-55.88,98,1,0,crashed
542,-188.59,241,1,0,out_of_bounds
543,-15.29,116,1,0,crashed
544,-176.88,223,1,0,out_of_bounds
545,-76.90,172,1,0,crashed
546,1.29,189,1,0,crashed
547,-61.14,122,1,0,crashed
548,-99.08,198,1,0,out_of_bounds
549,-57.02,98,1,0,crashed
550,-43.68,90,1,0,crashed
551,-273.77,120,1,0,out_of_bounds
552,-92.99,153,1,0,crashed
553,-130.64,128,1,0,crashed
554,-310.20,201,1,0,out_of_bounds
555,-161.85,184,1,0,out_of_bounds
556,-120.23,156,1,0,crashed
557,-64.64,220,1,0,crashed
558,-55.03,112,1,0,crashed
559,-99.48,223,1,0,crashed
560,-31.97,165,1,0,crashed
561,-76.40,210,1,0,crashed
562,-240.36,162,1,0,out_of_bounds
563,-87.22,227,1,0,crashed
564,-23.81,89,1,0,crashed
565,-34.29,109,1,0,crashed
566,-102.06,114,1,0,crashed
567,-58.36,101,1,0,crashed
568,-58.74,164,1,0,crashed
569,-112.79,189,1,0,crashed
570,-45.76,73,1,0,crashed
571,-7.93,93,1,0,crashed
572,-26.68,128,1,0,crashed
573,-25.12,126,1,0,crashed
574,1.14,113,1,0,crashed
575,-35.28,165,1,0,crashed
576,34.31,138,1,0,crashed
577,-11.22,90,1,0,crashed
578,-60.67,396,1,0,crashed
579,-15.83,198,1,0,crashed
580,-22.63,176,1,0,crashed
581,-748.35,453,1,0,out_of_bounds
582,-38.53,106,1,0,crashed
583,-53.71,104,1,0,crashed
584,-114.17,450,1,0,crashed
585,-61.87,113,1,0,crashed
586,-98.13,173,1,0,crashed
587,-27.22,148,1,0,crashed
588,-31.59,305,1,0,crashed
589,-9.90,87,1,0,crashed
590,-102.89,247,1,0,crashed
591,-67.24,146,1,0,crashed
592,7.95,147,1,0,crashed
593,-79.90,128,1,0,crashed
594,-69.18,207,1,0,crashed
595,-184.49,285,1,0,out_of_bounds
596,-30.02,254,1,0,crashed
597,-70.18,280,1,0,crashed
598,9.54,114,1,0,crashed
599,-102.12,148,1,0,crashed
600,-4.89,138,1,0,crashed
601,-164.04,323,1,0,out_of_bounds
602,8.41,109,1,0,crashed
603,-4.54,151,1,0,crashed
604,-66.29,77,1,0,crashed
605,-137.92,213,1,0,crashed
606,-132.88,176,1,0,out_of_bounds
607,24.54,105,1,0,crashed
608,-49.81,99,1,0,crashed
609,-83.54,242,1,0,crashed
610,-15.38,266,1,0,crashed
611,-49.50,223,1,0,crashed
612,-25.83,158,1,0,crashed
613,-40.42,162,1,0,crashed
614,-53.31,109,1,0,crashed
615,-23.90,93,1,0,crashed
616,-263.89,191,1,0,out_of_bounds
617,-127.78,202,1,0,out_of_bounds
618,-240.76,129,1,0,out_of_bounds
619,2.20,96,1,0,crashed
620,-26.44,144,1,0,crashed
621,-85.88,120,1,0,crashed
622,-16.90,121,1,0,crashed
623,-28.40,101,1,0,crashed
624,3.83,1000,0,1,time_limit
625,27.81,154,1,0,crashed
626,-56.74,96,1,0,crashed
627,-164.31,218,1,0,out_of_bounds
628,-32.77,123,1,0,crashed
629,42.04,97,1,0,crashed
630,-23.25,100,1,0,crashed
631,-31.80,123,1,0,crashed
632,-2.75,245,1,0,crashed
633,-122.55,166,1,0,out_of_bounds
634,-46.52,135,1,0,crashed
635,-32.78,225,1,0,crashed
636,-150.94,189,1,0,out_of_bounds
637,-105.94,221,1,0,crashed
638,-20.98,1000,0,1,time_limit
639,-19.47,153,1,0,crashed
640,-19.42,127,1,0,crashed
641,27.92,1000,0,1,time_limit
642,-238.30,304,1,0,out_of_bounds
643,-39.38,1000,0,1,time_limit
644,-32.60,319,1,0,crashed
645,22.53,192,1,0,crashed
646,-36.02,218,1,0,crashed
647,-26.74,122,1,0,crashed
648,-26.45,237,1,0,crashed
649,-65.36,68,1,0,crashed
650,-22.72,116,1,0,crashed
651,-12.59,197,1,0,crashed
652,-235.40,431,1,0,crashed
653,26.47,108,1,0,crashed
654,-18.66,279,1,0,crashed
655,-23.59,169,1,0,crashed
656,26.56,183,1,0,crashed
657,-76.73,174,1,0,crashed
658,-6.22,121,1,0,crashed
659,-36.75,116,1,0,crashed
660,-57.30,174,1,0,crashed
661,-65.41,284,1,0,crashed
662,-90.65,218,1,0,crashed
663,35.70,110,1,0,crashed
664,-113.32,317,1,0,out_of_bounds
665,-45.27,187,1,0,crashed
666,-28.07,531,1,0,crashed
667,50.38,1000,0,1,time_limit
668,-38.75,96,1,0,crashed
669,-113.41,434,1,0,crashed
670,-103.60,565,1,0,crashed
671,-46.78,218,1,0,crashed
672,-61.21,431,1,0,crashed
673,-109.27,628,1,0,crashed
674,-23.44,118,1,0,crashed
675,-33.17,333,1,0,crashed
676,51.05,139,1,0,crashed
677,-0.29,236,1,0,crashed
678,31.10,1000,0,1,time_limit
679,-217.55,242,1,0,out_of_bounds
680,-53.24,140,1,0,crashed
681,-12.07,313,1,0,crashed
682,-85.62,322,1,0,crashed
683,0.17,157,1,0,crashed
684,-157.35,235,1,0,crashed
685,-57.42,503,1,0,crashed
686,-140.38,690,1,0,crashed
687,-54.66,346,1,0,crashed
688,-23.86,151,1,0,crashed
689,-23.00,130,1,0,crashed
690,-23.78,268,1,0,crashed
691,-405.99,333,1,0,out_of_bounds
692,-36.14,309,1,0,crashed
693,-9.80,158,1,0,crashed
694,-110.33,278,1,0,crashed
695,4.25,1000,0,1,time_limit
696,-44.71,214,1,0,crashed
697,-33.89,242,1,0,crashed
698,-9.07,98,1,0,crashed
699,-64.22,275,1,0,crashed
700,23.30,94,1,0,crashed
701,-55.58,272,1,0,crashed
702,-143.10,383,1,0,out_of_bounds
703,-11.00,131,1,0,crashed
704,-53.21,309,1,0,crashed
705,-14.96,154,1,0,crashed
706,-18.24,1000,0,1,time_limit
707,35.76,118,1,0,crashed
708,6.12,202,1,0,crashed
709,-40.58,207,1,0,crashed
710,-54.11,351,1,0,crashed
711,-7.45,333,1,0,crashed
712,27.61,1000,0,1,time_limit
713,44.48,139,1,0,crashed
714,42.09,274,1,0,crashed
715,2.12,284,1,0,crashed
716,-153.46,878,1,0,crashed
717,-54.32,164,1,0,crashed
718,13.27,137,1,0,crashed
719,-100.60,324,1,0,crashed
720,-13.69,246,1,0,crashed
721,-18.18,290,1,0,crashed
722,-139.17,293,1,0,crashed
723,7.43,277,1,0,crashed
724,-119.82,226,1,0,out_of_bounds
725,-42.71,95,1,0,crashed
726,-99.07,142,1,0,crashed
727,-49.02,215,1,0,crashed
728,-62.06,138,1,0,crashed
729,-77.66,273,1,0,crashed
730,-79.85,191,1,0,out_of_bounds
731,-120.14,201,1,0,crashed
732,-30.71,302,1,0,crashed
733,10.41,117,1,0,crashed
734,16.43,112,1,0,crashed
735,-32.17,141,1,0,crashed
736,-112.46,240,1,0,out_of_bounds
737,-0.38,311,1,0,crashed
738,-57.53,153,1,0,crashed
739,13.88,293,1,0,crashed
740,-15.51,92,1,0,crashed
741,-15.57,240,1,0,crashed
742,-48.82,232,1,0,crashed
743,-145.31,224,1,0,out_of_bounds
744,-69.63,228,1,0,crashed
745,-6.45,270,1,0,crashed
746,-29.11,91,1,0,crashed
747,-135.55,299,1,0,crashed
748,16.71,101,1,0,crashed
749,-64.13,194,1,0,crashed
750,-16.21,194,1,0,crashed
751,-120.28,252,1,0,out_of_bounds
752,-85.49,237,1,0,crashed
753,-56.56,405,1,0,crashed
754,-97.19,479,1,0,crashed
755,-53.65,209,1,0,crashed
756,-47.65,237,1,0,crashed
757,-156.92,437,1,0,out_of_bounds
758,-71.38,233,1,0,crashed
759,-60.43,1000,0,1,time_limit
760,-63.47,211,1,0,crashed
761,-18.15,185,1,0,crashed
762,-21.79,118,1,0,crashed
763,6.58,217,1,0,crashed
764,-5.76,351,1,0,crashed
765,-137.24,195,1,0,out_of_bounds
766,-50.89,82,1,0,crashed
767,-55.09,140,1,0,crashed
768,-178.56,216,1,0,out_of_bounds
769,-51.75,237,1,0,crashed
770,-168.28,338,1,0,crashed
771,-122.99,287,1,0,crashed
772,-1.24,133,1,0,crashed
773,-114.60,194,1,0,out_of_bounds
774,-134.87,264,1,0,crashed
775,-127.28,192,1,0,out_of_bounds
776,5.97,206,1,0,crashed
777,-121.09,344,1,0,out_of_bounds
778,-182.94,501,1,0,out_of_bounds
779,19.19,333,1,0,crashed
780,-26.38,168,1,0,crashed
781,-184.09,297,1,0,out_of_bounds
782,33.77,166,1,0,crashed
783,-160.61,216,1,0,out_of_bounds
784,-54.59,226,1,0,crashed
785,-92.39,138,1,0,crashed
786,-34.95,160,1,0,crashed
787,32.47,143,1,0,crashed
788,-1.85,255,1,0,crashed
789,-37.29,368,1,0,crashed
790,44.11,198,1,0,crashed
791,-18.31,222,1,0,crashed
792,-61.67,283,1,0,crashed
793,-3.19,219,1,0,crashed
794,16.60,1000,0,1,time_limit
795,-54.57,142,1,0,crashed
796,-92.62,535,1,0,crashed
797,43.24,116,1,0,crashed
798,6.05,311,1,0,crashed
799,-76.98,330,1,0,crashed
800,-145.95,361,1,0,out_of_bounds
801,19.08,118,1,0,crashed
802,-105.70,303,1,0,crashed
803,-44.16,365,1,0,crashed
804,-157.66,386,1,0,out_of_bounds
805,-13.77,251,1,0,crashed
806,-113.48,181,1,0,out_of_bounds
807,-127.60,281,1,0,out_of_bounds
808,36.66,1000,0,1,time_limit
809,-101.32,271,1,0,out_of_bounds
810,-67.26,1000,0,1,time_limit
811,-9.13,217,1,0,crashed
812,-165.35,370,1,0,crashed
813,-154.78,532,1,0,out_of_bounds
814,-22.02,1000,0,1,time_limit
815,20.68,217,1,0,crashed
816,18.93,121,1,0,crashed
817,-69.99,254,1,0,crashed
818,-178.46,362,1,0,crashed
819,-123.37,308,1,0,out_of_bounds
820,-38.33,214,1,0,crashed
821,-187.62,980,1,0,crashed
822,6.23,177,1,0,crashed
823,-27.33,171,1,0,crashed
824,-54.48,275,1,0,crashed
825,-55.45,386,1,0,crashed
826,-1.49,1000,0,1,time_limit
827,-22.73,217,1,0,crashed
828,-166.98,291,1,0,out_of_bounds
829,17.19,205,1,0,crashed
830,-321.93,731,1,0,crashed
831,24.17,147,1,0,crashed
832,39.89,123,1,0,crashed
833,21.06,312,1,0,crashed
834,30.58,1000,0,1,time_limit
835,-12.72,150,1,0,crashed
836,-234.53,688,1,0,out_of_bounds
837,-68.96,191,1,0,crashed
838,-241.32,978,1,0,crashed
839,-17.57,137,1,0,crashed
840,0.77,1000,0,1,time_limit
841,19.34,155,1,0,crashed
842,-118.16,142,1,0,out_of_bounds
843,-59.45,272,1,0,out_of_bounds
844,-35.60,147,1,0,crashed
845,13.44,125,1,0,crashed
846,-285.37,907,1,0,out_of_bounds
847,-8.51,227,1,0,crashed
848,-36.01,387,1,0,crashed
849,21.82,1000,0,1,time_limit
850,10.21,217,1,0,crashed
851,8.44,188,1,0,crashed
852,-17.82,204,1,0,crashed
853,-399.92,947,1,0,crashed
854,-50.63,265,1,0,out_of_bounds
855,36.62,297,1,0,crashed
856,-84.51,741,1,0,crashed
857,-23.10,1000,0,1,time_limit
858,20.39,1000,0,1,time_limit
859,-135.73,573,1,0,out_of_bounds
860,-41.12,331,1,0,crashed
861,-72.05,339,1,0,out_of_bounds
862,-148.91,503,1,0,crashed
863,-140.86,710,1,0,crashed
864,-95.53,991,1,0,crashed
865,-182.01,352,1,0,out_of_bounds
866,-59.11,241,1,0,crashed
867,-37.60,162,1,0,crashed
868,1.40,244,1,0,crashed
869,-36.73,174,1,0,crashed
870,-40.76,385,1,0,crashed
871,41.92,191,1,0,crashed
872,-62.39,235,1,0,out_of_bounds
873,-100.70,243,1,0,crashed
874,-28.21,1000,0,1,time_limit
875,-149.41,357,1,0,out_of_bounds
876,-117.98,245,1,0,crashed
877,-50.50,258,1,0,crashed
878,-104.42,191,1,0,out_of_bounds
879,-60.22,218,1,0,crashed
880,-133.41,259,1,0,out_of_bounds
881,-137.21,397,1,0,out_of_bounds
882,-107.14,326,1,0,out_of_bounds
883,3.48,115,1,0,crashed
884,-174.44,262,1,0,out_of_bounds
885,-29.98,221,1,0,crashed
886,-137.03,242,1,0,out_of_bounds
887,-53.56,151,1,0,crashed
888,-100.11,168,1,0,out_of_bounds
889,-148.62,241,1,0,crashed
890,-195.05,216,1,0,out_of_bounds
891,-90.01,256,1,0,crashed
892,-144.94,298,1,0,out_of_bounds
893,-140.47,261,1,0,crashed
894,-164.91,429,1,0,out_of_bounds
895,-102.80,376,1,0,crashed
896,-94.38,349,1,0,crashed
897,-96.92,523,1,0,crashed
898,10.29,609,1,0,crashed
899,-48.72,1000,0,1,time_limit
900,-131.33,359,1,0,out_of_bounds
901,-151.70,548,1,0,out_of_bounds
902,-113.78,1000,0,1,time_limit
903,-145.03,1000,0,1,time_limit
904,-66.94,412,1,0,crashed
905,-30.09,1000,0,1,time_limit
906,-60.53,1000,0,1,time_limit
907,-3.53,180,1,0,crashed
908,27.43,1000,0,1,time_limit
909,-232.19,911,1,0,out_of_bounds
910,-15.47,1000,0,1,time_limit
911,-243.45,555,1,0,crashed
912,-9.99,324,1,0,crashed
913,-97.89,1000,0,1,time_limit
914,-88.99,1000,0,1,time_limit
915,3.02,1000,0,1,time_limit
916,-34.33,1000,0,1,time_limit
917,14.76,1000,0,1,time_limit
918,8.20,1000,0,1,time_limit
919,1.20,1000,0,1,time_limit
920,-132.51,502,1,0,out_of_bounds
921,-6.22,1000,0,1,time_limit
922,-16.73,1000,0,1,time_limit
923,-30.30,317,1,0,crashed
924,11.32,231,1,0,crashed
925,27.15,1000,0,1,time_limit
926,30.88,198,1,0,crashed
927,-2.75,249,1,0,crashed
928,27.90,299,1,0,crashed
929,-41.82,460,1,0,crashed
930,-38.16,1000,0,1,time_limit
931,-184.84,400,1,0,crashed
932,9.00,1000,0,1,time_limit
933,39.57,171,1,0,crashed
934,-77.48,388,1,0,out_of_bounds
935,14.83,249,1,0,crashed
936,-22.38,199,1,0,crashed
937,14.11,260,1,0,crashed
938,2.45,1000,0,1,time_limit
939,-0.08,1000,0,1,time_limit
940,4.15,1000,0,1,time_limit
941,-46.87,1000,0,1,time_limit
942,2.59,1000,0,1,time_limit
943,20.42,1000,0,1,time_limit
944,-34.85,1000,0,1,time_limit
945,51.50,1000,0,1,time_limit
946,43.79,1000,0,1,time_limit
947,86.90,1000,0,1,time_limit
948,10.36,1000,0,1,time_limit
949,-17.00,247,1,0,crashed
950,5.60,186,1,0,crashed
951,52.01,1000,0,1,time_limit
952,42.12,158,1,0,crashed
953,38.39,123,1,0,crashed
954,-7.44,234,1,0,crashed
955,25.43,1000,0,1,time_limit
956,-3.51,262,1,0,crashed
957,34.03,129,1,0,crashed
958,41.54,1000,0,1,time_limit
959,30.45,356,1,0,crashed
960,38.89,1000,0,1,time_limit
961,28.52,1000,0,1,time_limit
962,61.75,1000,0,1,time_limit
963,45.06,164,1,0,crashed
964,36.89,1000,0,1,time_limit
965,49.73,1000,0,1,time_limit
966,-0.37,1000,0,1,time_limit
967,-6.55,171,1,0,crashed
968,-77.84,332,1,0,crashed
969,-52.84,272,1,0,crashed
970,-30.55,331,1,0,crashed
971,26.63,1000,0,1,time_limit
972,44.71,1000,0,1,time_limit
973,70.88,206,1,0,crashed
974,-87.20,1000,0,1,time_limit
975,-51.42,1000,0,1,time_limit
976,-228.11,899,1,0,out_of_bounds
977,-138.95,383,1,0,out_of_bounds
978,-33.70,1000,0,1,time_limit
979,-189.81,816,1,0,out_of_bounds
980,-102.05,1000,0,1,time_limit
981,-190.65,617,1,0,out_of_bounds
982,-197.80,887,1,0,out_of_bounds
983,-39.88,1000,0,1,time_limit
984,-184.72,804,1,0,out_of_bounds
985,-34.47,1000,0,1,time_limit
986,16.03,1000,0,1,time_limit
987,-21.11,1000,0,1,time_limit
988,6.83,1000,0,1,time_limit
989,-97.13,1000,0,1,time_limit
990,29.08,1000,0,1,time_limit
991,-17.76,348,1,0,crashed
992,25.04,1000,0,1,time_limit
993,34.14,1000,0,1,time_limit
994,10.47,1000,0,1,time_limit
995,51.14,1000,0,1,time_limit
996,96.24,1000,0,1,time_limit
997,77.22,1000,0,1,time_limit
998,79.44,1000,0,1,time_limit
999,6.42,155,1,0,crashed
1000,-19.94,237,1,0,crashed
1001,5.58,1000,0,1,time_limit
1002,79.08,1000,0,1,time_limit
1003,31.98,149,1,0,crashed
1004,67.16,1000,0,1,time_limit
1005,101.49,1000,0,1,time_limit
1006,69.85,1000,0,1,time_limit
1007,-14.24,169,1,0,crashed
1008,81.83,1000,0,1,time_limit
1009,0.86,183,1,0,crashed
1010,50.51,159,1,0,crashed
1011,76.82,1000,0,1,time_limit
1012,-58.21,149,1,0,crashed
1013,13.55,194,1,0,crashed
1014,30.58,135,1,0,crashed
1015,21.03,159,1,0,crashed
1016,3.85,159,1,0,crashed
1017,-38.44,179,1,0,crashed
1018,97.27,1000,0,1,time_limit
1019,-12.50,153,1,0,crashed
1020,-30.86,168,1,0,crashed
1021,-4.88,258,1,0,crashed
1022,-15.41,215,1,0,crashed
1023,-17.23,432,1,0,crashed
1024,17.70,1000,0,1,time_limit
1025,16.68,227,1,0,crashed
1026,-7.07,167,1,0,crashed
1027,73.40,1000,0,1,time_limit
1028,-88.81,332,1,0,out_of_bounds
1029,-133.66,306,1,0,out_of_bounds
1030,99.19,1000,0,1,time_limit
1031,-120.42,435,1,0,out_of_bounds
1032,79.35,1000,0,1,time_limit
1033,-57.78,492,1,0,crashed
1034,-55.52,272,1,0,crashed
1035,-24.85,207,1,0,crashed
1036,10.07,280,1,0,crashed
1037,-57.51,380,1,0,crashed
1038,-207.75,1000,1,1,time_limit
1039,20.44,1000,0,1,time_limit
1040,-4.42,1000,0,1,time_limit
1041,81.87,1000,0,1,time_limit
1042,-30.85,308,1,0,crashed
1043,-91.89,1000,0,1,time_limit
1044,-220.54,919,1,0,out_of_bounds
1045,-97.72,411,1,0,crashed
1046,-4.62,1000,0,1,time_limit
1047,-47.90,1000,0,1,time_limit
1048,-217.76,567,1,0,out_of_bounds
1049,-90.22,1000,0,1,time_limit
1050,-16.68,1000,0,1,time_limit
1051,-77.91,1000,0,1,time_limit
1052,-106.00,1000,0,1,time_limit
1053,24.23,1000,0,1,time_limit
1054,0.37,1000,0,1,time_limit
1055,-27.15,1000,0,1,time_limit
1056,-124.72,486,1,0,crashed
1057,4.84,1000,0,1,time_limit
1058,-57.31,1000,0,1,time_limit
1059,-14.87,1000,0,1,time_limit
1060,0.76,1000,0,1,time_limit
1061,58.25,1000,0,1,time_limit
1062,98.75,1000,0,1,time_limit
1063,67.10,1000,0,1,time_limit
1064,64.91,1000,0,1,time_limit
1065,65.16,1000,0,1,time_limit
1066,78.75,1000,0,1,time_limit
1067,0.04,776,1,0,crashed
1068,41.14,1000,0,1,time_limit
1069,30.35,164,1,0,crashed
1070,-111.20,475,1,0,crashed
1071,87.00,1000,0,1,time_limit
1072,-3.18,196,1,0,crashed
1073,-164.33,854,1,0,out_of_bounds
1074,47.10,158,1,0,crashed
1075,89.37,1000,0,1,time_limit
1076,-28.20,171,1,0,crashed
1077,54.05,1000,0,1,time_limit
1078,38.99,164,1,0,crashed
1079,7.08,162,1,0,crashed
1080,5.11,142,1,0,crashed
1081,107.36,1000,0,1,time_limit
1082,-6.81,148,1,0,crashed
1083,145.27,1000,0,1,time_limit
1084,71.68,140,1,0,crashed
1085,-1.23,177,1,0,crashed
1086,31.61,113,1,0,crashed
1087,-24.83,188,1,0,crashed
1088,10.09,159,1,0,crashed
1089,0.20,135,1,0,crashed
1090,-15.49,173,1,0,crashed
1091,110.16,1000,0,1,time_limit
1092,18.98,188,1,0,crashed
1093,13.84,158,1,0,crashed
1094,124.13,1000,0,1,time_limit
1095,145.49,1000,0,1,time_limit
1096,-0.82,193,1,0,crashed
1097,51.61,1000,0,1,time_limit
1098,-41.78,1000,0,1,time_limit
1099,13.77,251,1,0,crashed
1100,54.44,1000,0,1,time_limit
1101,57.11,184,1,0,crashed
1102,140.84,1000,0,1,time_limit
1103,39.91,1000,0,1,time_limit
1104,100.15,1000,0,1,time_limit
1105,135.19,1000,0,1,time_limit
1106,103.48,1000,0,1,time_limit
1107,39.95,1000,0,1,time_limit
1108,125.26,1000,0,1,time_limit
1109,114.57,1000,0,1,time_limit
1110,156.26,1000,0,1,time_limit
1111,29.68,1000,0,1,time_limit
1112,37.17,1000,0,1,time_limit
1113,-12.07,243,1,0,crashed
1114,38.85,203,1,0,crashed
1115,80.28,1000,0,1,time_limit
1116,4.66,194,1,0,crashed
1117,71.50,1000,0,1,time_limit
1118,14.77,1000,0,1,time_limit
1119,105.03,1000,0,1,time_limit
1120,93.19,1000,0,1,time_limit
1121,83.50,1000,0,1,time_limit
1122,111.20,1000,0,1,time_limit
1123,80.71,1000,0,1,time_limit
1124,-46.53,211,1,0,crashed
1125,7.65,221,1,0,crashed
1126,139.22,1000,0,1,time_limit
1127,142.57,1000,0,1,time_limit
1128,107.60,1000,0,1,time_limit
1129,13.01,146,1,0,crashed
1130,53.26,115,1,0,crashed
1131,47.70,1000,0,1,time_limit
1132,-40.47,130,1,0,crashed
1133,-72.39,169,1,0,crashed
1134,134.73,1000,0,1,time_limit
1135,-79.41,164,1,0,crashed
1136,5.05,131,1,0,crashed
1137,201.26,280,1,0,landed_success
1138,-74.91,161,1,0,crashed
1139,2.48,157,1,0,crashed
1140,-58.84,925,1,0,crashed
1141,217.47,838,1,0,landed_success
1142,155.04,1000,0,1,time_limit
1143,-236.03,588,1,0,crashed
1144,168.82,662,1,0,landed_success
1145,51.56,1000,0,1,time_limit
1146,84.84,1000,0,1,time_limit
1147,201.10,789,1,0,landed_success
1148,66.50,202,1,0,crashed
1149,188.95,705,1,0,landed_success
1150,201.23,369,1,0,landed_success
1151,-158.79,681,1,0,out_of_bounds
1152,-62.82,512,1,0,crashed
1153,-2.31,176,1,0,crashed
1154,202.41,556,1,0,landed_success
1155,237.04,551,1,0,landed_success
1156,17.05,187,1,0,crashed
1157,213.17,538,1,0,landed_success
1158,293.41,554,1,0,landed_success
1159,205.05,405,1,0,landed_success
1160,-58.01,285,1,0,crashed
1161,187.78,659,1,0,landed_success
1162,-57.11,327,1,0,crashed
1163,-191.17,496,1,0,crashed
1164,-67.86,426,1,0,crashed
1165,-80.43,260,1,0,crashed
1166,-42.40,369,1,0,crashed
1167,41.20,185,1,0,crashed
1168,170.74,493,1,0,landed_success
1169,-172.28,912,1,0,out_of_bounds
1170,196.00,466,1,0,landed_success
1171,50.61,851,1,0,landed_success
1172,-168.02,752,1,0,out_of_bounds
1173,235.35,382,1,0,landed_success
1174,-43.16,207,1,0,crashed
1175,-144.13,505,1,0,out_of_bounds
1176,-270.24,833,1,0,crashed
1177,167.84,620,1,0,landed_success
1178,-127.21,766,1,0,out_of_bounds
1179,-105.35,1000,0,1,time_limit
1180,-79.71,512,1,0,crashed
1181,-89.73,1000,0,1,time_limit
1182,97.13,624,1,0,landed_success
1183,-30.80,1000,0,1,time_limit
1184,159.38,931,1,0,landed_success
1185,-86.18,1000,0,1,time_limit
1186,-34.50,1000,0,1,time_limit
1187,-56.77,1000,0,1,time_limit
1188,-22.14,1000,0,1,time_limit
1189,-74.16,1000,0,1,time_limit
1190,-4.89,1000,0,1,time_limit
1191,-42.47,1000,0,1,time_limit
1192,-18.02,1000,0,1,time_limit
1193,-5.72,1000,0,1,time_limit
1194,-64.91,1000,0,1,time_limit
1195,-56.97,1000,0,1,time_limit
1196,-23.38,1000,0,1,time_limit
1197,-17.32,1000,0,1,time_limit
1198,-5.61,1000,0,1,time_limit
1199,-12.98,1000,0,1,time_limit
1200,-15.39,1000,0,1,time_limit
1201,-13.88,1000,0,1,time_limit
1202,-141.27,847,1,0,crashed
1203,126.11,807,1,0,landed_success
1204,6.05,1000,0,1,time_limit
1205,-52.77,492,1,0,crashed
1206,-52.04,1000,0,1,time_limit
1207,-127.72,928,1,0,crashed
1208,-40.68,1000,0,1,time_limit
1209,-18.87,1000,0,1,time_limit
1210,7.95,1000,0,1,time_limit
1211,-247.81,785,1,0,crashed
1212,-186.21,645,1,0,out_of_bounds
1213,-152.08,549,1,0,out_of_bounds
1214,205.13,418,1,0,landed_success
1215,1.53,1000,0,1,time_limit
1216,-27.09,1000,0,1,time_limit
1217,-178.19,632,1,0,crashed
1218,124.91,746,1,0,landed_success
1219,-172.22,839,1,0,crashed
1220,151.56,503,1,0,landed_success
1221,104.22,663,1,0,landed_success
1222,119.11,583,1,0,landed_success
1223,-157.42,516,1,0,out_of_bounds
1224,164.39,469,1,0,landed_success
1225,181.23,592,1,0,landed_success
1226,179.10,459,1,0,landed_success
1227,-124.30,677,1,0,crashed
1228,182.54,918,1,0,landed_success
1229,132.60,489,1,0,landed_success
1230,-107.82,313,1,0,crashed
1231,191.52,512,1,0,landed_success
1232,222.64,400,1,0,landed_success
1233,-115.60,412,1,0,crashed
1234,147.10,344,1,0,landed_success
1235,-15.68,239,1,0,crashed
1236,168.16,377,1,0,landed_success
1237,-40.82,224,1,0,crashed
1238,-61.13,205,1,0,crashed
1239,22.00,281,1,0,crashed
1240,-146.73,459,1,0,out_of_bounds
1241,-153.63,349,1,0,out_of_bounds
1242,231.73,288,1,0,landed_success
1243,235.02,277,1,0,landed_success
1244,-3.53,206,1,0,crashed
1245,38.23,195,1,0,crashed
1246,-9.79,132,1,0,crashed
1247,-25.99,185,1,0,crashed
1248,-6.25,103,1,0,crashed
1249,44.39,145,1,0,crashed
1250,1.57,123,1,0,crashed
1251,-22.02,172,1,0,crashed
1252,101.16,299,1,0,landed_success
1253,-48.42,178,1,0,crashed
1254,-86.63,205,1,0,crashed
1255,-45.49,158,1,0,crashed
1256,-81.72,194,1,0,crashed
1257,-64.58,185,1,0,crashed
1258,-80.67,214,1,0,crashed
1259,-30.26,199,1,0,crashed
1260,-90.13,181,1,0,crashed
1261,-27.63,167,1,0,crashed
1262,-37.11,121,1,0,crashed
1263,-143.39,207,1,0,crashed
1264,-84.93,163,1,0,crashed
1265,-89.81,159,1,0,crashed
1266,-81.99,119,1,0,crashed
1267,118.42,294,1,0,landed_success
1268,-46.01,138,1,0,crashed
1269,-58.01,165,1,0,crashed
1270,-99.18,222,1,0,crashed
1271,-32.17,158,1,0,crashed
1272,-51.01,159,1,0,crashed
1273,-75.74,147,1,0,crashed
1274,-72.40,151,1,0,crashed
1275,-48.73,155,1,0,crashed
1276,-50.89,172,1,0,crashed
1277,-63.67,206,1,0,crashed
1278,-78.22,181,1,0,crashed
1279,-5.00,192,1,0,crashed
1280,-24.08,133,1,0,crashed
1281,-52.34,165,1,0,crashed
1282,-23.58,151,1,0,crashed
1283,-50.56,207,1,0,crashed
1284,-28.04,152,1,0,crashed
1285,-88.66,193,1,0,crashed
1286,174.54,308,1,0,landed_success
1287,18.01,191,1,0,crashed
1288,-74.52,206,1,0,crashed
1289,-82.97,313,1,0,crashed
1290,-55.21,225,1,0,crashed
1291,-37.43,191,1,0,out_of_bounds
1292,176.85,352,1,0,landed_success
1293,-35.02,194,1,0,crashed
1294,187.15,505,1,0,landed_success
1295,-97.67,213,1,0,crashed
1296,137.57,410,1,0,landed_success
1297,-61.68,281,1,0,crashed
1298,73.37,1000,0,1,time_limit
1299,-112.46,298,1,0,crashed
1300,169.25,419,1,0,landed_success
1301,112.37,446,1,0,landed_success
1302,-79.12,314,1,0,crashed
1303,-74.15,360,1,0,crashed
1304,111.47,559,1,0,landed_success
1305,166.45,530,1,0,landed_success
1306,174.92,471,1,0,landed_success
1307,-117.25,477,1,0,out_of_bounds
1308,-244.91,448,1,0,out_of_bounds
1309,162.89,494,1,0,landed_success
1310,138.29,522,1,0,landed_success
1311,155.45,431,1,0,landed_success
1312,-17.75,416,1,0,crashed
1313,154.70,439,1,0,landed_success
1314,-3.46,296,1,0,crashed
1315,177.87,395,1,0,landed_success
1316,211.15,439,1,0,landed_success
1317,197.08,436,1,0,landed_success
1318,161.95,622,1,0,landed_success
1319,-71.04,426,1,0,crashed
1320,-101.93,629,1,0,crashed
1321,271.18,353,1,0,landed_success
1322,-130.29,434,1,0,out_of_bounds
1323,170.38,554,1,0,landed_success
1324,251.20,281,1,0,landed_success
1325,-143.23,364,1,0,out_of_bounds
1326,179.53,638,1,0,landed_success
1327,-182.80,919,1,0,out_of_bounds
1328,-138.71,393,1,0,out_of_bounds
1329,-191.42,279,1,0,out_of_bounds
1330,-163.14,336,1,0,out_of_bounds
1331,-27.45,246,1,0,crashed
1332,225.63,379,1,0,landed_success
1333,194.21,505,1,0,landed_success
1334,-39.87,222,1,0,crashed
1335,2.29,226,1,0,crashed
1336,-269.25,408,1,0,crashed
1337,-201.30,393,1,0,out_of_bounds
1338,196.46,364,1,0,landed_success
1339,115.02,449,1,0,landed_success
1340,212.17,284,1,0,landed_success
1341,194.91,281,1,0,landed_success
1342,-13.52,203,1,0,crashed
1343,243.63,303,1,0,landed_success
1344,27.58,261,1,0,crashed
1345,223.84,250,1,0,landed_success
1346,255.48,432,1,0,landed_success
1347,-52.41,382,1,0,crashed
1348,30.49,196,1,0,crashed
1349,-60.37,447,1,0,crashed
1350,-12.94,311,1,0,crashed
1351,170.69,473,1,0,landed_success
1352,211.38,278,1,0,landed_success
1353,227.91,414,1,0,landed_success
1354,168.26,480,1,0,landed_success
1355,228.13,523,1,0,landed_success
1356,-158.48,414,1,0,out_of_bounds
1357,184.42,494,1,0,landed_success
1358,132.59,369,1,0,landed_success
1359,-105.77,629,1,0,crashed
1360,234.90,445,1,0,landed_success
1361,56.19,139,1,0,crashed
1362,-90.16,530,1,0,crashed
1363,134.35,690,1,0,landed_success
1364,-40.78,178,1,0,crashed
1365,201.75,371,1,0,landed_success
1366,11.87,360,1,0,crashed
1367,44.30,175,1,0,crashed
1368,-129.70,387,1,0,out_of_bounds
1369,268.77,280,1,0,landed_success
1370,29.98,179,1,0,crashed
1371,-159.63,361,1,0,out_of_bounds
1372,-159.72,422,1,0,crashed
1373,-166.97,667,1,0,crashed
1374,43.62,170,1,0,crashed
1375,49.53,133,1,0,crashed
1376,-21.36,151,1,0,crashed
1377,11.32,163,1,0,crashed
1378,215.46,438,1,0,landed_success
1379,32.95,169,1,0,crashed
1380,228.04,357,1,0,landed_success
1381,227.83,383,1,0,landed_success
1382,202.25,395,1,0,landed_success
1383,23.20,129,1,0,crashed
1384,7.64,115,1,0,crashed
1385,236.58,362,1,0,landed_success
1386,42.87,134,1,0,crashed
1387,15.58,162,1,0,crashed
1388,231.96,661,1,0,landed_success
1389,-10.30,151,1,0,crashed
1390,233.77,277,1,0,landed_success
1391,46.26,117,1,0,crashed
1392,28.09,146,1,0,crashed
1393,68.99,105,1,0,crashed
1394,-63.76,193,1,0,crashed
1395,-36.88,173,1,0,crashed
1396,64.39,164,1,0,crashed
1397,173.77,312,1,0,landed_success
1398,-71.11,210,1,0,crashed
1399,45.06,170,1,0,crashed
1400,-30.06,194,1,0,crashed
1401,58.98,151,1,0,crashed
1402,-0.44,187,1,0,crashed
1403,191.01,460,1,0,landed_success
1404,-167.49,437,1,0,out_of_bounds
1405,-121.92,639,1,0,crashed
1406,0.92,203,1,0,crashed
1407,-117.13,502,1,0,crashed
1408,259.00,322,1,0,landed_success
1409,64.35,146,1,0,crashed
1410,181.49,313,1,0,landed_success
1411,267.94,319,1,0,landed_success
1412,196.32,382,1,0,landed_success
1413,6.84,179,1,0,crashed
1414,26.80,186,1,0,crashed
1415,-18.40,349,1,0,crashed
1416,-121.93,859,1,0,crashed
1417,-48.65,405,1,0,crashed
1418,-11.70,186,1,0,crashed
1419,52.12,129,1,0,crashed
1420,152.00,493,1,0,landed_success
1421,36.03,151,1,0,crashed
1422,224.96,293,1,0,landed_success
1423,31.17,161,1,0,crashed
1424,-42.63,371,1,0,crashed
1425,-120.15,568,1,0,crashed
1426,222.87,293,1,0,landed_success
1427,-58.05,633,1,0,crashed
1428,-162.92,430,1,0,out_of_bounds
1429,-2.85,220,1,0,crashed
1430,13.13,192,1,0,crashed
1431,203.50,608,1,0,landed_success
1432,-146.78,425,1,0,crashed
1433,-40.11,500,1,0,crashed
1434,-116.69,422,1,0,crashed
1435,201.91,420,1,0,landed_success
1436,221.25,405,1,0,landed_success
1437,-95.96,611,1,0,crashed
1438,191.34,441,1,0,landed_success
1439,5.19,215,1,0,crashed
1440,-191.81,642,1,0,out_of_bounds
1441,201.31,400,1,0,landed_success
1442,-143.18,851,1,0,out_of_bounds
1443,120.09,737,1,0,landed_success
1444,-133.53,446,1,0,crashed
1445,164.87,438,1,0,landed_success
1446,144.17,676,1,0,landed_success
1447,248.43,369,1,0,landed_success
1448,-151.39,652,1,0,out_of_bounds
1449,201.66,447,1,0,landed_success
1450,-128.38,377,1,0,out_of_bounds
1451,-91.28,543,1,0,crashed
1452,198.71,491,1,0,landed_success
1453,152.53,540,1,0,landed_success
1454,189.94,479,1,0,landed_success
1455,243.49,313,1,0,landed_success
1456,276.91,236,1,0,landed_success
1457,204.17,473,1,0,landed_success
1458,0.66,266,1,0,crashed
1459,80.55,133,1,0,crashed
1460,164.93,536,1,0,landed_success
1461,234.82,507,1,0,landed_success
1462,179.21,497,1,0,landed_success
1463,235.59,457,1,0,landed_success
1464,208.89,464,1,0,landed_success
1465,223.35,512,1,0,landed_success
1466,176.48,420,1,0,landed_success
1467,218.88,335,1,0,landed_success
1468,-16.39,336,1,0,crashed
1469,66.94,161,1,0,crashed
1470,-145.02,406,1,0,crashed
1471,-186.24,475,1,0,out_of_bounds
1472,-192.00,420,1,0,crashed
1473,-93.03,436,1,0,crashed
1474,248.34,376,1,0,landed_success
1475,29.55,204,1,0,crashed
1476,-4.39,155,1,0,crashed
1477,261.25,202,1,0,landed_success
1478,6.26,149,1,0,crashed
1479,189.24,386,1,0,landed_success
1480,-5.63,195,1,0,crashed
1481,149.03,498,1,0,landed_success
1482,141.96,510,1,0,landed_success
1483,163.54,485,1,0,landed_success
1484,206.93,326,1,0,landed_success
1485,-83.54,448,1,0,crashed
1486,-163.52,486,1,0,out_of_bounds
1487,28.38,193,1,0,crashed
1488,201.77,549,1,0,landed_success
1489,223.40,318,1,0,landed_success
1490,250.08,314,1,0,landed_success
1491,141.24,612,1,0,landed_success
1492,52.00,193,1,0,crashed
1493,230.76,470,1,0,landed_success
1494,184.20,421,1,0,landed_success
1495,140.06,451,1,0,landed_success
1496,222.34,532,1,0,landed_success
1497,203.60,417,1,0,landed_success
1498,195.41,421,1,0,landed_success
1499,241.62,276,1,0,landed_success
1500,159.14,550,1,0,landed_success
1501,185.90,408,1,0,landed_success
1502,-40.71,278,1,0,crashed
1503,259.24,364,1,0,landed_success
1504,-144.03,531,1,0,crashed
1505,194.68,606,1,0,landed_success
1506,-58.58,250,1,0,crashed
1507,187.47,461,1,0,landed_success
1508,-10.92,1000,0,1,time_limit
1509,248.89,392,1,0,landed_success
1510,127.48,768,1,0,landed_success
1511,114.64,741,1,0,landed_success
1512,236.20,452,1,0,landed_success
1513,70.98,897,1,0,landed_success
1514,185.04,412,1,0,landed_success
1515,159.97,608,1,0,landed_success
1516,-25.24,1000,0,1,time_limit
1517,-81.67,674,1,0,crashed
1518,213.42,566,1,0,landed_success
1519,131.63,540,1,0,landed_success
1520,-60.72,1000,0,1,time_limit
1521,-38.85,1000,0,1,time_limit
1522,-67.99,256,1,0,crashed
1523,-27.17,1000,0,1,time_limit
1524,152.29,637,1,0,landed_success
1525,152.90,529,1,0,landed_success
1526,196.97,503,1,0,landed_success
1527,188.11,528,1,0,landed_success
1528,175.30,498,1,0,landed_success
1529,-34.11,1000,0,1,time_limit
1530,81.56,858,1,0,landed_success
1531,147.33,837,1,0,landed_success
1532,204.19,534,1,0,landed_success
1533,185.87,540,1,0,landed_success
1534,180.20,506,1,0,landed_success
1535,165.23,499,1,0,landed_success
1536,178.78,588,1,0,landed_success
1537,169.17,466,1,0,landed_success
1538,166.29,765,1,0,landed_success
1539,113.63,940,1,0,landed_success
1540,154.23,644,1,0,landed_success
1541,181.04,662,1,0,landed_success
1542,-38.80,297,1,0,crashed
1543,125.10,766,1,0,landed_success
1544,149.30,572,1,0,landed_success
1545,231.84,367,1,0,landed_success
1546,251.14,436,1,0,landed_success
1547,145.70,576,1,0,landed_success
1548,-30.07,424,1,0,crashed
1549,207.53,423,1,0,landed_success
1550,-160.71,630,1,0,crashed
1551,163.83,612,1,0,landed_success
1552,193.93,506,1,0,landed_success
1553,186.68,576,1,0,landed_success
1554,145.74,583,1,0,landed_success
1555,202.95,621,1,0,landed_success
1556,137.68,614,1,0,landed_success
1557,163.18,500,1,0,landed_success
1558,191.98,546,1,0,landed_success
1559,184.57,571,1,0,landed_success
1560,126.99,667,1,0,landed_success
1561,164.50,713,1,0,landed_success
1562,-183.85,826,1,0,out_of_bounds
1563,100.84,932,1,0,landed_success
1564,180.26,670,1,0,landed_success
1565,117.66,857,1,0,landed_success
1566,146.94,583,1,0,landed_success
1567,-88.16,544,1,0,crashed
1568,-14.62,263,1,0,crashed
1569,109.41,783,1,0,landed_success
1570,-110.47,1000,0,1,time_limit
1571,189.74,773,1,0,landed_success
1572,16.45,1000,0,1,time_limit
1573,24.59,1000,0,1,time_limit
1574,167.40,693,1,0,landed_success
1575,0.11,1000,0,1,time_limit
1576,167.56,679,1,0,landed_success
1577,221.14,612,1,0,landed_success
1578,-0.88,1000,0,1,time_limit
1579,28.73,1000,0,1,time_limit
1580,145.19,867,1,0,landed_success
1581,0.74,1000,0,1,time_limit
1582,-104.79,1000,0,1,time_limit
1583,-12.04,1000,0,1,time_limit
1584,115.46,726,1,0,landed_success
1585,-88.46,537,1,0,crashed
1586,-107.00,730,1,0,crashed
1587,136.23,832,1,0,landed_success
1588,164.62,869,1,0,landed_success
1589,-19.17,310,1,0,crashed
1590,84.05,988,1,0,landed_success
1591,-13.37,1000,0,1,time_limit
1592,-57.31,1000,0,1,time_limit
1593,-89.42,1000,0,1,time_limit
1594,-61.09,1000,0,1,time_limit
1595,-71.27,1000,0,1,time_limit
1596,-26.32,1000,0,1,time_limit
1597,-12.74,1000,0,1,time_limit
1598,-86.95,420,1,0,crashed
1599,-52.11,1000,0,1,time_limit
1600,102.64,949,1,0,landed_success
1601,13.60,1000,0,1,time_limit
1602,-119.11,915,1,0,crashed
1603,-21.74,1000,0,1,time_limit
1604,-72.60,1000,0,1,time_limit
1605,-56.40,466,1,0,crashed
1606,-80.85,1000,0,1,time_limit
1607,-9.37,1000,0,1,time_limit
1608,4.78,1000,0,1,time_limit
1609,10.03,1000,0,1,time_limit
1610,178.57,750,1,0,landed_success
1611,-3.59,1000,0,1,time_limit
1612,224.10,587,1,0,landed_success
1613,116.29,958,1,0,landed_success
1614,28.14,1000,0,1,time_limit
1615,146.04,708,1,0,landed_success
1616,-146.53,943,1,0,crashed
1617,212.71,589,1,0,landed_success
1618,-116.61,731,1,0,crashed
1619,-34.43,1000,0,1,time_limit
1620,229.03,484,1,0,landed_success
1621,-162.01,659,1,0,out_of_bounds
1622,-119.05,666,1,0,crashed
1623,204.48,517,1,0,landed_success
1624,194.61,620,1,0,landed_success
1625,-19.35,376,1,0,crashed
1626,-147.15,826,1,0,crashed
1627,138.82,590,1,0,landed_success
1628,-224.58,620,1,0,crashed
1629,212.76,598,1,0,landed_success
1630,188.57,676,1,0,landed_success
1631,-132.37,705,1,0,crashed
1632,152.13,899,1,0,landed_success
1633,-28.04,340,1,0,crashed
1634,117.01,781,1,0,landed_success
1635,172.52,803,1,0,landed_success
1636,190.63,672,1,0,landed_success
1637,126.37,913,1,0,landed_success
1638,141.51,680,1,0,landed_success
1639,25.06,1000,0,1,time_limit
1640,-41.80,711,1,0,crashed
1641,-232.05,974,1,0,crashed
1642,25.93,1000,0,1,time_limit
1643,185.84,935,1,0,landed_success
1644,-30.31,1000,0,1,time_limit
1645,-31.98,1000,0,1,time_limit
1646,-30.43,1000,0,1,time_limit
1647,-60.70,1000,0,1,time_limit
1648,-80.91,1000,0,1,time_limit
1649,-58.03,1000,0,1,time_limit
1650,181.32,660,1,0,landed_success
1651,-12.44,1000,0,1,time_limit
1652,-149.67,710,1,0,crashed
1653,-27.17,257,1,0,crashed
1654,204.98,786,1,0,landed_success
1655,-25.41,1000,0,1,time_limit
1656,-73.71,1000,0,1,time_limit
1657,-70.13,316,1,0,crashed
1658,-97.04,580,1,0,crashed
1659,196.99,624,1,0,landed_success
1660,-66.44,1000,0,1,time_limit
1661,-24.96,1000,0,1,time_limit
1662,-35.81,1000,0,1,time_limit
1663,-38.32,1000,0,1,time_limit
1664,14.27,600,1,0,crashed
1665,-37.23,1000,0,1,time_limit
1666,-59.33,1000,0,1,time_limit
1667,-55.60,1000,0,1,time_limit
1668,125.56,956,1,0,landed_success
1669,-29.98,1000,0,1,time_limit
1670,-67.19,1000,0,1,time_limit
1671,-42.46,663,1,0,crashed
1672,-99.04,1000,0,1,time_limit
1673,-86.30,1000,0,1,time_limit
1674,-88.89,1000,0,1,time_limit
1675,-76.35,1000,0,1,time_limit
1676,-62.18,1000,0,1,time_limit
1677,103.81,859,1,0,landed_success
1678,-113.41,1000,0,1,time_limit
1679,-39.26,1000,0,1,time_limit
1680,-44.61,1000,0,1,time_limit
1681,-45.47,1000,0,1,time_limit
1682,-78.92,1000,0,1,time_limit
1683,-25.48,1000,0,1,time_limit
1684,-31.52,1000,0,1,time_limit
1685,-83.82,902,1,0,crashed
1686,-8.52,1000,0,1,time_limit
1687,-47.78,1000,0,1,time_limit
1688,-80.37,470,1,0,crashed
1689,127.29,866,1,0,landed_success
1690,191.75,763,1,0,landed_success
1691,-62.70,1000,0,1,time_limit
1692,-99.67,509,1,0,crashed
1693,-82.67,1000,0,1,time_limit
1694,-48.09,1000,0,1,time_limit
1695,-57.76,1000,0,1,time_limit
1696,-70.74,1000,0,1,time_limit
1697,-73.79,687,1,0,crashed
1698,62.11,811,1,0,landed_success
1699,-71.47,381,1,0,crashed
1700,-39.99,1000,0,1,time_limit
1701,-55.53,1000,0,1,time_limit
1702,-92.64,1000,0,1,time_limit
1703,-32.91,1000,0,1,time_limit
1704,-63.82,549,1,0,crashed
1705,220.01,592,1,0,landed_success
1706,-55.22,1000,0,1,time_limit
1707,-30.07,1000,0,1,time_limit
1708,-86.30,1000,0,1,time_limit
1709,-58.35,1000,0,1,time_limit
1710,97.46,808,1,0,landed_success
1711,131.51,941,1,0,landed_success
1712,-50.31,1000,0,1,time_limit
1713,-48.26,1000,0,1,time_limit
1714,-43.71,1000,0,1,time_limit
1715,-117.96,664,1,0,crashed
1716,14.53,1000,0,1,time_limit
1717,196.14,815,1,0,landed_success
1718,-63.31,1000,0,1,time_limit
1719,-88.56,1000,0,1,time_limit
1720,-47.87,1000,0,1,time_limit
1721,-40.22,1000,0,1,time_limit
1722,-78.92,1000,0,1,time_limit
1723,-95.07,1000,0,1,time_limit
1724,-47.89,1000,0,1,time_limit
1725,-49.24,1000,0,1,time_limit
1726,-42.22,1000,0,1,time_limit
1727,-57.55,1000,0,1,time_limit
1728,-96.60,1000,0,1,time_limit
1729,-172.51,169,1,0,out_of_bounds
1730,-53.39,1000,0,1,time_limit
1731,-58.03,225,1,0,out_of_bounds
1732,151.30,843,1,0,landed_success
1733,-97.61,1000,0,1,time_limit
1734,-78.82,1000,0,1,time_limit
1735,52.71,1000,0,1,time_limit
1736,-71.08,1000,0,1,time_limit
1737,-70.30,1000,0,1,time_limit
1738,-32.28,1000,0,1,time_limit
1739,-35.29,1000,0,1,time_limit
1740,-14.19,162,1,0,crashed
1741,-49.16,338,1,0,crashed
1742,-35.50,1000,0,1,time_limit
1743,-54.23,1000,0,1,time_limit
1744,59.26,1000,0,1,time_limit
1745,-87.39,1000,0,1,time_limit
1746,-68.29,137,1,0,crashed
1747,-58.56,1000,0,1,time_limit
1748,-69.27,382,1,0,crashed
1749,-4.62,1000,0,1,time_limit
1750,-30.90,1000,0,1,time_limit
1751,20.21,182,1,0,crashed
1752,134.77,555,1,0,landed_success
1753,-142.51,980,1,0,crashed
1754,115.65,814,1,0,landed_success
1755,-68.66,1000,0,1,time_limit
1756,-3.96,1000,0,1,time_limit
1757,-84.10,1000,0,1,time_limit
1758,118.61,552,1,0,landed_success
1759,-38.49,1000,0,1,time_limit
1760,-18.49,1000,0,1,time_limit
1761,166.26,544,1,0,landed_success
1762,131.25,447,1,0,landed_success
1763,238.81,467,1,0,landed_success
1764,157.69,789,1,0,landed_success
1765,-43.74,211,1,0,crashed
1766,-77.95,343,1,0,crashed
1767,207.11,657,1,0,landed_success
1768,195.04,569,1,0,landed_success
1769,-14.15,294,1,0,crashed
1770,-67.01,266,1,0,crashed
1771,-75.16,145,1,0,crashed
1772,-47.32,219,1,0,crashed
1773,-66.23,148,1,0,crashed
1774,181.11,355,1,0,landed_success
1775,151.49,268,1,0,landed_success
1776,88.76,1000,0,1,time_limit
1777,8.34,156,1,0,crashed
1778,189.18,297,1,0,landed_success
1779,237.64,594,1,0,landed_success
1780,-70.60,262,1,0,crashed
1781,-14.03,138,1,0,crashed
1782,112.27,1000,0,1,time_limit
1783,-50.65,189,1,0,crashed
1784,-29.18,150,1,0,crashed
1785,182.70,377,1,0,landed_success
1786,212.80,387,1,0,landed_success
1787,-36.93,172,1,0,crashed
1788,-59.74,132,1,0,crashed
1789,-3.05,207,1,0,crashed
1790,166.87,554,1,0,landed_success
1791,225.79,593,1,0,landed_success
1792,189.62,783,1,0,landed_success
1793,-56.04,155,1,0,crashed
1794,52.27,1000,0,1,time_limit
1795,-59.08,210,1,0,crashed
1796,-39.96,162,1,0,crashed
1797,177.28,387,1,0,landed_success
1798,169.25,358,1,0,landed_success
1799,-61.20,173,1,0,crashed
1800,-9.51,160,1,0,crashed
1801,-68.74,164,1,0,crashed
1802,191.85,301,1,0,landed_success
1803,-33.83,156,1,0,crashed
1804,-42.01,153,1,0,crashed
1805,-153.04,121,1,0,crashed
1806,-62.64,149,1,0,crashed
1807,-35.99,228,1,0,crashed
1808,25.40,1000,0,1,time_limit
1809,184.80,464,1,0,landed_success
1810,-44.47,153,1,0,crashed
1811,-185.49,189,1,0,crashed
1812,-43.43,163,1,0,crashed
1813,155.11,561,1,0,landed_success
1814,180.94,247,1,0,landed_success
1815,-89.16,208,1,0,crashed
1816,-42.38,260,1,0,crashed
1817,-71.56,157,1,0,crashed
1818,136.28,404,1,0,landed_success
1819,210.60,480,1,0,landed_success
1820,247.87,623,1,0,landed_success
1821,-84.66,335,1,0,crashed
1822,96.20,1000,0,1,time_limit
1823,166.13,683,1,0,landed_success
1824,61.40,1000,0,1,time_limit
1825,103.15,1000,0,1,time_limit
1826,-26.52,1000,0,1,time_limit
1827,138.62,849,1,0,landed_success
1828,180.59,947,1,0,landed_success
1829,-70.00,388,1,0,crashed
1830,-64.08,1000,0,1,time_limit
1831,123.23,723,1,0,landed_success
1832,-85.64,513,1,0,crashed
1833,-31.40,1000,0,1,time_limit
1834,-24.13,1000,0,1,time_limit
1835,-43.76,1000,0,1,time_limit
1836,-74.45,1000,0,1,time_limit
1837,-68.23,1000,0,1,time_limit
1838,-49.63,1000,0,1,time_limit
1839,9.00,1000,0,1,time_limit
1840,-14.31,1000,0,1,time_limit
1841,-76.60,286,1,0,crashed
1842,166.36,973,1,0,landed_success
1843,-125.63,753,1,0,out_of_bounds
1844,115.60,612,1,0,landed_success
1845,11.78,1000,0,1,time_limit
1846,-20.22,323,1,0,crashed
1847,164.95,595,1,0,landed_success
1848,-160.64,741,1,0,crashed
1849,113.85,772,1,0,landed_success
1850,-18.52,206,1,0,crashed
1851,182.29,546,1,0,landed_success
1852,192.30,447,1,0,landed_success
1853,164.07,453,1,0,landed_success
1854,178.97,732,1,0,landed_success
1855,148.87,577,1,0,landed_success
1856,-85.79,407,1,0,crashed
1857,158.78,969,1,0,landed_success
1858,-36.41,304,1,0,crashed
1859,-100.66,272,1,0,crashed
1860,162.08,609,1,0,landed_success
1861,172.13,724,1,0,landed_success
1862,40.79,1000,0,1,time_limit
1863,136.99,436,1,0,landed_success
1864,-62.76,296,1,0,crashed
1865,159.70,626,1,0,landed_success
1866,55.60,1000,0,1,time_limit
1867,-15.92,302,1,0,crashed
1868,222.23,792,1,0,landed_success
1869,191.59,952,1,0,landed_success
1870,49.37,1000,0,1,time_limit
1871,49.35,1000,0,1,time_limit
1872,145.70,541,1,0,landed_success
1873,145.30,629,1,0,landed_success
1874,47.44,1000,0,1,time_limit
1875,73.44,1000,0,1,time_limit
1876,201.29,851,1,0,landed_success
1877,-44.17,501,1,0,crashed
1878,63.81,1000,0,1,time_limit
1879,-0.79,1000,0,1,time_limit
1880,208.56,913,1,0,landed_success
1881,180.59,961,1,0,landed_success
1882,210.31,554,1,0,landed_success
1883,153.39,871,1,0,landed_success
1884,185.19,707,1,0,landed_success
1885,149.71,803,1,0,landed_success
1886,133.52,986,1,0,landed_success
1887,-11.46,436,1,0,crashed
1888,-63.45,381,1,0,crashed
1889,5.60,1000,0,1,time_limit
1890,37.90,1000,0,1,time_limit
1891,39.55,1000,0,1,time_limit
1892,-162.74,816,1,0,out_of_bounds
1893,101.89,743,1,0,landed_success
1894,-68.40,507,1,0,crashed
1895,128.05,887,1,0,landed_success
1896,49.48,1000,0,1,time_limit
1897,11.66,1000,0,1,time_limit
1898,-62.98,467,1,0,crashed
1899,126.41,777,1,0,landed_success
1900,153.21,810,1,0,landed_success
1901,-13.40,1000,0,1,time_limit
1902,149.94,831,1,0,landed_success
1903,-23.95,1000,0,1,time_limit
1904,0.32,1000,0,1,time_limit
1905,-15.14,1000,0,1,time_limit
1906,-32.06,1000,0,1,time_limit
1907,-82.57,854,1,0,crashed
1908,26.28,1000,0,1,time_limit
1909,-34.90,1000,0,1,time_limit
1910,9.01,1000,0,1,time_limit
1911,-19.23,1000,0,1,time_limit
1912,21.31,1000,0,1,time_limit
1913,-2.37,1000,0,1,time_limit
1914,101.20,900,1,0,landed_success
1915,153.04,794,1,0,landed_success
1916,-179.33,934,1,0,crashed
1917,-106.70,948,1,0,crashed
1918,96.83,870,1,0,landed_success
1919,-30.98,1000,0,1,time_limit
1920,189.61,679,1,0,landed_success
1921,193.55,614,1,0,landed_success
1922,129.15,760,1,0,landed_success
1923,139.50,583,1,0,landed_success
1924,180.08,549,1,0,landed_success
1925,173.13,508,1,0,landed_success
1926,-70.51,566,1,0,crashed
1927,235.85,513,1,0,landed_success
1928,221.27,680,1,0,landed_success
1929,223.30,506,1,0,landed_success
1930,-188.42,721,1,0,crashed
1931,-101.77,569,1,0,crashed
1932,-107.31,654,1,0,crashed
1933,210.75,510,1,0,landed_success
1934,214.18,452,1,0,landed_success
1935,245.05,481,1,0,landed_success
1936,-194.96,556,1,0,out_of_bounds
1937,-107.50,697,1,0,crashed
1938,189.76,440,1,0,landed_success
1939,201.70,425,1,0,landed_success
1940,104.66,626,1,0,landed_success
1941,-139.59,624,1,0,crashed
1942,-136.49,659,1,0,crashed
1943,162.00,571,1,0,landed_success
1944,174.84,594,1,0,landed_success
1945,252.93,385,1,0,landed_success
1946,192.21,465,1,0,landed_success
1947,214.47,454,1,0,landed_success
1948,148.26,670,1,0,landed_success
1949,144.98,757,1,0,landed_success
1950,239.37,540,1,0,landed_success
1951,189.23,555,1,0,landed_success
1952,192.64,411,1,0,landed_success
1953,175.24,560,1,0,landed_success
1954,274.39,371,1,0,landed_success
1955,160.48,476,1,0,landed_success
1956,246.92,429,1,0,landed_success
1957,192.12,389,1,0,landed_success
1958,-1.45,262,1,0,crashed
1959,239.84,522,1,0,landed_success
1960,285.87,327,1,0,landed_success
1961,249.93,385,1,0,landed_success
1962,214.57,401,1,0,landed_success
1963,147.18,816,1,0,landed_success
1964,1.17,234,1,0,crashed
1965,230.80,353,1,0,landed_success
1966,206.64,586,1,0,landed_success
1967,43.80,203,1,0,crashed
1968,-22.46,211,1,0,crashed
1969,161.19,457,1,0,landed_success
1970,214.19,384,1,0,landed_success
1971,-98.51,686,1,0,crashed
1972,147.02,465,1,0,landed_success
1973,50.27,211,1,0,crashed
1974,229.34,485,1,0,landed_success
1975,244.87,625,1,0,landed_success
1976,207.37,552,1,0,landed_success
1977,222.64,547,1,0,landed_success
1978,195.77,480,1,0,landed_success
1979,-2.97,1000,0,1,time_limit
1980,205.31,441,1,0,landed_success
1981,267.28,357,1,0,landed_success
1982,-131.78,524,1,0,crashed
1983,-118.25,507,1,0,crashed
1984,208.97,466,1,0,landed_success
1985,235.88,462,1,0,landed_success
1986,138.62,576,1,0,landed_success
1987,8.74,378,1,0,crashed
1988,190.05,433,1,0,landed_success
1989,-127.62,788,1,0,crashed
1990,-129.01,673,1,0,crashed
1991,192.70,590,1,0,landed_success
1992,194.29,514,1,0,landed_success
1993,202.70,513,1,0,landed_success
1994,24.06,1000,0,1,time_limit
1995,246.89,397,1,0,landed_success
1996,203.30,399,1,0,landed_success
1997,153.72,427,1,0,landed_success
1998,8.54,279,1,0,crashed
1999,-192.06,616,1,0,out_of_bounds
2000,-152.05,698,1,0,out_of_bounds
2001,-165.56,639,1,0,crashed
2002,204.78,429,1,0,landed_success
2003,-149.69,586,1,0,crashed
2004,237.92,491,1,0,landed_success
2005,-210.72,493,1,0,crashed
2006,-93.14,486,1,0,crashed
2007,231.34,440,1,0,landed_success
2008,230.26,860,1,0,landed_success
2009,193.96,536,1,0,landed_success
2010,-242.45,485,1,0,crashed
2011,157.66,552,1,0,landed_success
2012,167.49,568,1,0,landed_success
2013,159.34,576,1,0,landed_success
2014,163.25,556,1,0,landed_success
2015,-119.11,573,1,0,crashed
2016,-72.65,592,1,0,crashed
2017,210.86,433,1,0,landed_success
2018,141.79,597,1,0,landed_success
2019,231.93,464,1,0,landed_success
2020,174.59,552,1,0,landed_success
2021,161.29,582,1,0,landed_success
2022,217.74,432,1,0,landed_success
2023,-178.39,597,1,0,out_of_bounds
2024,246.39,480,1,0,landed_success
2025,-119.87,550,1,0,crashed
2026,-70.35,733,1,0,crashed
2027,161.09,522,1,0,landed_success
2028,222.87,445,1,0,landed_success
2029,183.12,452,1,0,landed_success
2030,208.29,692,1,0,landed_success
2031,-116.90,653,1,0,out_of_bounds
2032,175.30,675,1,0,landed_success
2033,100.11,872,1,0,landed_success
2034,133.97,720,1,0,landed_success
2035,-149.43,636,1,0,out_of_bounds
2036,141.76,667,1,0,landed_success
2037,205.27,508,1,0,landed_success
2038,109.77,680,1,0,landed_success
2039,130.59,739,1,0,landed_success
2040,130.08,642,1,0,landed_success
2041,215.99,510,1,0,landed_success
2042,103.50,748,1,0,landed_success
2043,150.90,715,1,0,landed_success
2044,-111.66,814,1,0,crashed
2045,78.58,852,1,0,landed_success
2046,212.62,532,1,0,landed_success
2047,232.71,500,1,0,landed_success
2048,197.62,550,1,0,landed_success
2049,-170.59,606,1,0,out_of_bounds
2050,203.25,460,1,0,landed_success
2051,-159.59,718,1,0,crashed
2052,64.58,610,1,0,landed_success
2053,191.79,499,1,0,landed_success
2054,217.97,399,1,0,landed_success
2055,-204.90,625,1,0,out_of_bounds
2056,158.82,692,1,0,landed_success
2057,216.17,467,1,0,landed_success
2058,226.59,464,1,0,landed_success
2059,150.94,493,1,0,landed_success
2060,168.81,452,1,0,landed_success
2061,152.25,570,1,0,landed_success
2062,147.65,544,1,0,landed_success
2063,-22.22,360,1,0,crashed
2064,192.05,571,1,0,landed_success
2065,-134.88,542,1,0,out_of_bounds
2066,229.93,435,1,0,landed_success
2067,177.59,571,1,0,landed_success
2068,162.61,494,1,0,landed_success
2069,243.05,405,1,0,landed_success
2070,-91.81,483,1,0,crashed
2071,166.26,449,1,0,landed_success
2072,239.96,373,1,0,landed_success
2073,-90.20,500,1,0,crashed
2074,210.38,416,1,0,landed_success
2075,39.78,224,1,0,crashed
2076,10.53,226,1,0,crashed
2077,220.62,685,1,0,landed_success
2078,-140.02,558,1,0,out_of_bounds
2079,255.99,410,1,0,landed_success
2080,191.16,406,1,0,landed_success
2081,170.53,641,1,0,landed_success
2082,-96.75,661,1,0,crashed
2083,199.79,466,1,0,landed_success
2084,162.56,567,1,0,landed_success
2085,-71.67,579,1,0,crashed
2086,202.42,433,1,0,landed_success
2087,225.52,357,1,0,landed_success
2088,16.33,229,1,0,crashed
2089,153.17,496,1,0,landed_success
2090,-69.25,983,1,0,crashed
2091,190.03,472,1,0,landed_success
2092,-7.74,138,1,0,crashed
2093,5.22,251,1,0,crashed
2094,151.84,766,1,0,landed_success
2095,183.34,561,1,0,landed_success
2096,231.16,425,1,0,landed_success
2097,-22.36,217,1,0,crashed
2098,251.17,392,1,0,landed_success
2099,181.08,969,1,0,landed_success
2100,61.79,1000,0,1,time_limit
2101,218.22,372,1,0,landed_success
2102,220.99,454,1,0,landed_success
2103,34.17,111,1,0,crashed
2104,67.21,1000,0,1,time_limit
2105,-14.98,254,1,0,crashed
2106,206.24,917,1,0,landed_success
2107,-31.81,182,1,0,crashed
2108,203.88,397,1,0,landed_success
2109,-80.48,193,1,0,crashed
2110,184.49,306,1,0,landed_success
2111,-42.99,206,1,0,crashed
2112,27.20,260,1,0,crashed
2113,-23.02,234,1,0,crashed
2114,213.33,521,1,0,landed_success
2115,6.21,242,1,0,crashed
2116,181.61,441,1,0,landed_success
2117,48.35,167,1,0,crashed
2118,171.67,639,1,0,landed_success
2119,-21.16,210,1,0,crashed
2120,230.96,537,1,0,landed_success
2121,-52.97,268,1,0,crashed
2122,9.90,253,1,0,crashed
2123,-62.07,245,1,0,crashed
2124,-31.34,191,1,0,crashed
2125,120.77,883,1,0,landed_success
2126,263.09,478,1,0,landed_success
2127,-23.66,194,1,0,crashed
2128,19.04,148,1,0,crashed
2129,68.95,1000,0,1,time_limit
2130,-37.83,179,1,0,crashed
2131,263.68,470,1,0,landed_success
2132,71.55,1000,0,1,time_limit
2133,38.37,1000,0,1,time_limit
2134,169.55,363,1,0,landed_success
2135,167.37,837,1,0,landed_success
2136,204.19,516,1,0,landed_success
2137,-66.86,320,1,0,crashed
2138,160.36,372,1,0,landed_success
2139,105.80,1000,0,1,time_limit
2140,190.70,343,1,0,landed_success
2141,259.69,443,1,0,landed_success
2142,185.44,350,1,0,landed_success
2143,222.91,466,1,0,landed_success
2144,-40.31,253,1,0,crashed
2145,236.09,603,1,0,landed_success
2146,189.11,696,1,0,landed_success
2147,120.45,711,1,0,landed_success
2148,210.12,631,1,0,landed_success
2149,-16.58,273,1,0,crashed
2150,-64.69,269,1,0,crashed
2151,203.42,491,1,0,landed_success
2152,180.81,635,1,0,landed_success
2153,6.49,203,1,0,crashed
2154,230.78,673,1,0,landed_success
2155,138.08,967,1,0,landed_success
2156,36.40,177,1,0,crashed
2157,37.71,128,1,0,crashed
2158,2.36,251,1,0,crashed
2159,208.77,491,1,0,landed_success
2160,41.12,1000,0,1,time_limit
2161,263.33,422,1,0,landed_success
2162,-16.62,240,1,0,crashed
2163,246.25,406,1,0,landed_success
2164,164.92,567,1,0,landed_success
2165,-101.18,755,1,0,crashed
2166,159.67,684,1,0,landed_success
2167,225.46,456,1,0,landed_success
2168,155.73,725,1,0,landed_success
2169,147.37,639,1,0,landed_success
2170,214.12,501,1,0,landed_success
2171,134.16,668,1,0,landed_success
2172,122.34,712,1,0,landed_success
2173,242.47,552,1,0,landed_success
2174,169.75,684,1,0,landed_success
2175,117.02,745,1,0,landed_success
2176,228.80,514,1,0,landed_success
2177,95.77,924,1,0,landed_success
2178,224.04,581,1,0,landed_success
2179,136.36,796,1,0,landed_success
2180,-22.45,1000,0,1,time_limit
2181,191.18,761,1,0,landed_success
2182,168.85,808,1,0,landed_success
2183,-11.56,1000,0,1,time_limit
2184,180.09,683,1,0,landed_success
2185,173.59,718,1,0,landed_success
2186,-11.85,1000,0,1,time_limit
2187,-12.86,1000,0,1,time_limit
2188,-87.49,931,1,0,crashed
2189,11.75,1000,0,1,time_limit
2190,127.63,866,1,0,landed_success
2191,-26.60,1000,0,1,time_limit
2192,-60.51,1000,0,1,time_limit
2193,-48.58,1000,0,1,time_limit
2194,-175.89,954,1,0,crashed
2195,-47.77,1000,0,1,time_limit
2196,19.51,1000,0,1,time_limit
2197,-107.66,1000,0,1,time_limit
2198,23.40,1000,0,1,time_limit
2199,104.42,941,1,0,landed_success
2200,156.10,857,1,0,landed_success
2201,139.39,716,1,0,landed_success
2202,147.32,740,1,0,landed_success
2203,120.75,765,1,0,landed_success
2204,-79.93,1000,0,1,time_limit
2205,169.41,803,1,0,landed_success
2206,-50.08,1000,0,1,time_limit
2207,-17.87,1000,0,1,time_limit
2208,190.04,728,1,0,landed_success
2209,142.96,736,1,0,landed_success
2210,99.45,880,1,0,landed_success
2211,173.46,679,1,0,landed_success
2212,194.14,551,1,0,landed_success
2213,78.25,799,1,0,landed_success
2214,124.60,617,1,0,landed_success
2215,236.68,551,1,0,landed_success
2216,-168.09,816,1,0,out_of_bounds
2217,-190.81,793,1,0,crashed
2218,132.17,888,1,0,landed_success
2219,187.13,564,1,0,landed_success
2220,186.29,637,1,0,landed_success
2221,125.78,702,1,0,landed_success
2222,81.74,881,1,0,landed_success
2223,183.31,709,1,0,landed_success
2224,207.60,515,1,0,landed_success
2225,-144.37,700,1,0,crashed
2226,141.51,733,1,0,landed_success
2227,195.93,674,1,0,landed_success
2228,170.17,561,1,0,landed_success
2229,-24.18,301,1,0,crashed
2230,197.55,613,1,0,landed_success
2231,209.23,505,1,0,landed_success
2232,178.75,497,1,0,landed_success
2233,226.68,587,1,0,landed_success
2234,-102.32,872,1,0,crashed
2235,237.35,509,1,0,landed_success
2236,-147.40,762,1,0,crashed
2237,185.01,404,1,0,landed_success
2238,24.69,302,1,0,crashed
2239,140.50,461,1,0,landed_success
2240,-149.73,914,1,0,crashed
2241,81.63,1000,0,1,time_limit
2242,215.47,404,1,0,landed_success
2243,27.93,312,1,0,crashed
2244,-65.27,689,1,0,crashed
2245,-0.35,349,1,0,crashed
2246,-36.51,330,1,0,crashed
2247,1.87,1000,0,1,time_limit
2248,-21.74,235,1,0,crashed
2249,247.43,559,1,0,landed_success
2250,-19.41,293,1,0,crashed
2251,-32.51,239,1,0,crashed
2252,163.14,594,1,0,landed_success
2253,256.77,255,1,0,landed_success
2254,-72.51,415,1,0,crashed
2255,-45.09,403,1,0,crashed
2256,37.42,1000,0,1,time_limit
2257,-7.56,132,1,0,crashed
2258,179.98,430,1,0,landed_success
2259,208.96,666,1,0,landed_success
2260,178.68,521,1,0,landed_success
2261,160.06,669,1,0,landed_success
2262,192.07,506,1,0,landed_success
2263,171.31,577,1,0,landed_success
2264,-78.46,712,1,0,crashed
2265,251.28,433,1,0,landed_success
2266,14.27,406,1,0,crashed
2267,-29.90,322,1,0,crashed
2268,25.02,1000,0,1,time_limit
2269,141.92,488,1,0,landed_success
2270,150.25,643,1,0,landed_success
2271,-74.39,829,1,0,crashed
2272,233.59,457,1,0,landed_success
2273,-59.19,359,1,0,crashed
2274,6.26,320,1,0,crashed
2275,164.56,502,1,0,landed_success
2276,181.15,825,1,0,landed_success
2277,191.58,795,1,0,landed_success
2278,188.24,660,1,0,landed_success
2279,-39.70,406,1,0,crashed
2280,-23.43,299,1,0,crashed
2281,129.33,920,1,0,landed_success
2282,-52.71,238,1,0,crashed
2283,19.90,287,1,0,crashed
2284,162.87,554,1,0,landed_success
2285,231.51,498,1,0,landed_success
2286,177.15,701,1,0,landed_success
2287,112.04,901,1,0,landed_success
2288,-5.12,1000,0,1,time_limit
2289,-156.83,730,1,0,crashed
2290,-27.27,181,1,0,crashed
2291,175.84,825,1,0,landed_success
2292,101.71,836,1,0,landed_success
2293,73.37,864,1,0,landed_success
2294,179.01,513,1,0,landed_success
2295,154.33,592,1,0,landed_success
2296,139.47,863,1,0,landed_success
2297,146.81,579,1,0,landed_success
2298,-33.10,321,1,0,crashed
2299,-54.32,341,1,0,crashed
2300,174.78,980,1,0,landed_success
2301,141.49,587,1,0,landed_success
2302,-165.28,163,1,0,out_of_bounds
2303,-139.89,812,1,0,crashed
2304,-79.50,620,1,0,crashed
2305,119.50,656,1,0,landed_success
2306,-62.33,261,1,0,crashed
2307,135.96,572,1,0,landed_success
2308,217.12,477,1,0,landed_success
2309,-48.06,307,1,0,crashed
2310,83.14,1000,0,1,time_limit
2311,-46.26,414,1,0,crashed
2312,146.34,494,1,0,landed_success
2313,34.25,1000,0,1,time_limit
2314,146.09,568,1,0,landed_success
2315,-53.95,296,1,0,crashed
2316,89.19,659,1,0,landed_success
2317,96.63,838,1,0,landed_success
2318,178.67,584,1,0,landed_success
2319,208.01,1000,1,1,time_limit
2320,143.77,804,1,0,landed_success
2321,104.57,917,1,0,landed_success
2322,-50.13,487,1,0,crashed
2323,223.07,467,1,0,landed_success
2324,0.12,1000,0,1,time_limit
2325,211.55,697,1,0,landed_success
2326,-26.37,437,1,0,crashed
2327,154.83,823,1,0,landed_success
2328,-44.56,1000,0,1,time_limit
2329,-13.90,1000,0,1,time_limit
2330,-6.37,1000,0,1,time_limit
2331,-67.68,1000,0,1,time_limit
2332,-48.92,440,1,0,crashed
2333,140.74,855,1,0,landed_success
2334,20.10,1000,0,1,time_limit
2335,101.48,959,1,0,landed_success
2336,-42.21,1000,0,1,time_limit
2337,-70.53,153,1,0,crashed
2338,-136.46,719,1,0,crashed
2339,-8.35,1000,0,1,time_limit
2340,-112.21,416,1,0,crashed
2341,-44.19,438,1,0,crashed
2342,-12.85,1000,0,1,time_limit
2343,-31.16,185,1,0,crashed
2344,193.75,727,1,0,landed_success
2345,-57.10,1000,0,1,time_limit
2346,-39.35,1000,0,1,time_limit
2347,-45.96,1000,0,1,time_limit
2348,-49.95,1000,0,1,time_limit
2349,-31.25,1000,0,1,time_limit
2350,-406.50,123,1,0,out_of_bounds
2351,-110.66,139,1,0,crashed
2352,-21.56,1000,0,1,time_limit
2353,-271.25,127,1,0,out_of_bounds
2354,-20.99,170,1,0,crashed
2355,-183.53,951,1,0,crashed
2356,-35.33,1000,0,1,time_limit
2357,-68.35,1000,0,1,time_limit
2358,-53.21,1000,0,1,time_limit
2359,-2.65,1000,0,1,time_limit
2360,-67.43,1000,0,1,time_limit
2361,-22.61,1000,0,1,time_limit
2362,-46.80,1000,0,1,time_limit
2363,-52.10,1000,0,1,time_limit
2364,-54.24,1000,0,1,time_limit
2365,-73.04,1000,0,1,time_limit
2366,-48.52,1000,0,1,time_limit
2367,-79.01,1000,0,1,time_limit
2368,19.03,1000,0,1,time_limit
2369,-31.91,1000,0,1,time_limit
2370,-20.32,1000,0,1,time_limit
2371,-116.96,887,1,0,crashed
2372,-11.95,1000,0,1,time_limit
2373,-17.87,1000,0,1,time_limit
2374,-59.36,1000,0,1,time_limit
2375,-73.93,986,1,0,crashed
2376,-79.75,1000,0,1,time_limit
2377,27.04,1000,0,1,time_limit
2378,81.40,967,1,0,landed_success
2379,44.65,1000,0,1,time_limit
2380,97.54,734,1,0,landed_success
2381,-23.23,312,1,0,crashed
2382,37.95,1000,0,1,time_limit
2383,111.02,1000,0,1,time_limit
2384,227.67,468,1,0,landed_success
2385,101.65,1000,0,1,time_limit
2386,70.63,1000,0,1,time_limit
2387,80.31,1000,0,1,time_limit
2388,-128.83,572,1,0,crashed
2389,197.10,766,1,0,landed_success
2390,164.76,586,1,0,landed_success
2391,91.38,835,1,0,landed_success
2392,-8.89,234,1,0,crashed
2393,232.53,514,1,0,landed_success
2394,168.87,592,1,0,landed_success
2395,189.59,686,1,0,landed_success
2396,175.83,595,1,0,landed_success
2397,31.27,1000,0,1,time_limit
2398,-3.51,1000,0,1,time_limit
2399,141.76,792,1,0,landed_success
2400,172.12,830,1,0,landed_success
2401,53.49,995,1,0,landed_success
2402,249.40,406,1,0,landed_success
2403,127.49,800,1,0,landed_success
2404,-60.05,1000,0,1,time_limit
2405,-161.76,807,1,0,crashed
2406,-17.20,1000,0,1,time_limit
2407,100.38,907,1,0,landed_success
2408,32.60,1000,0,1,time_limit
2409,162.11,846,1,0,landed_success
2410,22.82,1000,0,1,time_limit
2411,-38.68,118,1,0,crashed
2412,-37.20,359,1,0,crashed
2413,230.50,726,1,0,landed_success
2414,-40.00,1000,0,1,time_limit
2415,-47.85,1000,0,1,time_limit
2416,-59.39,331,1,0,crashed
2417,-18.77,119,1,0,crashed
2418,-14.05,215,1,0,crashed
2419,-45.19,1000,0,1,time_limit
2420,63.28,1000,0,1,time_limit
2421,-30.52,1000,0,1,time_limit
2422,-57.84,1000,0,1,time_limit
2423,-79.18,558,1,0,crashed
2424,-48.09,1000,0,1,time_limit
2425,-62.01,1000,0,1,time_limit
2426,-20.41,1000,0,1,time_limit
2427,-39.55,1000,0,1,time_limit
2428,-58.59,1000,0,1,time_limit
2429,-79.85,1000,0,1,time_limit
2430,-28.50,1000,0,1,time_limit
2431,-52.93,1000,0,1,time_limit
2432,-29.55,1000,0,1,time_limit
2433,-60.33,1000,0,1,time_limit
2434,-39.44,1000,0,1,time_limit
2435,-31.11,1000,0,1,time_limit
2436,-35.26,1000,0,1,time_limit
2437,-53.95,1000,0,1,time_limit
2438,-33.50,1000,0,1,time_limit
2439,-15.61,1000,0,1,time_limit
2440,-69.65,1000,0,1,time_limit
2441,-18.19,1000,0,1,time_limit
2442,-24.65,1000,0,1,time_limit
2443,-1.02,1000,0,1,time_limit
2444,-71.62,1000,0,1,time_limit
2445,-65.57,1000,0,1,time_limit
2446,-37.43,1000,0,1,time_limit
2447,-22.30,1000,0,1,time_limit
2448,-53.40,1000,0,1,time_limit
2449,-32.58,1000,0,1,time_limit
2450,-50.08,1000,0,1,time_limit
2451,-31.04,1000,0,1,time_limit
2452,-6.57,1000,0,1,time_limit
2453,-69.42,1000,0,1,time_limit
2454,-70.32,1000,0,1,time_limit
2455,-28.69,1000,0,1,time_limit
2456,47.50,267,1,0,crashed
2457,-2.85,1000,0,1,time_limit
2458,-31.19,1000,0,1,time_limit
2459,-62.75,1000,0,1,time_limit
2460,-18.79,1000,0,1,time_limit
2461,-38.21,1000,0,1,time_limit
2462,-42.34,1000,0,1,time_limit
2463,-13.60,1000,0,1,time_limit
2464,-89.19,1000,0,1,time_limit
2465,-21.07,1000,0,1,time_limit
2466,-38.71,1000,0,1,time_limit
2467,0.10,1000,0,1,time_limit
2468,-42.43,1000,0,1,time_limit
2469,-54.17,1000,0,1,time_limit
2470,-44.50,1000,0,1,time_limit
2471,-3.90,1000,0,1,time_limit
2472,-63.87,1000,0,1,time_limit
2473,-36.85,1000,0,1,time_limit
2474,139.96,874,1,0,landed_success
2475,-28.31,1000,0,1,time_limit
2476,-46.94,1000,0,1,time_limit
2477,19.54,1000,0,1,time_limit
2478,25.47,1000,0,1,time_limit
2479,5.86,1000,0,1,time_limit
2480,-41.49,1000,0,1,time_limit
2481,-40.28,1000,0,1,time_limit
2482,-51.38,1000,0,1,time_limit
2483,-29.99,1000,0,1,time_limit
2484,5.90,1000,0,1,time_limit
2485,-42.68,1000,0,1,time_limit
2486,1.70,1000,0,1,time_limit
2487,46.08,1000,0,1,time_limit
2488,-4.66,1000,0,1,time_limit
2489,3.97,1000,0,1,time_limit
2490,21.98,1000,0,1,time_limit
2491,151.18,759,1,0,landed_success
2492,37.62,1000,0,1,time_limit
2493,64.12,1000,0,1,time_limit
2494,219.16,600,1,0,landed_success
2495,-33.46,482,1,0,crashed
2496,209.32,619,1,0,landed_success
2497,33.85,1000,0,1,time_limit
2498,221.43,596,1,0,landed_success
2499,212.94,606,1,0,landed_success
2500,274.58,357,1,0,landed_success
2501,210.02,780,1,0,landed_success
2502,216.85,479,1,0,landed_success
2503,-15.91,432,1,0,crashed
2504,5.43,498,1,0,crashed
2505,-2.19,1000,0,1,time_limit
2506,78.43,1000,0,1,time_limit
2507,195.13,990,1,0,landed_success
2508,49.15,1000,0,1,time_limit
2509,226.02,466,1,0,landed_success
2510,212.60,456,1,0,landed_success
2511,55.35,1000,0,1,time_limit
2512,-34.21,456,1,0,crashed
2513,220.66,577,1,0,landed_success
2514,123.72,822,1,0,landed_success
2515,72.05,1000,0,1,time_limit
2516,-26.04,421,1,0,crashed
2517,193.28,674,1,0,landed_success
2518,191.57,531,1,0,landed_success
2519,42.21,1000,0,1,time_limit
2520,48.51,1000,0,1,time_limit
2521,83.76,1000,0,1,time_limit
2522,201.24,646,1,0,landed_success
2523,90.47,1000,0,1,time_limit
2524,112.57,1000,0,1,time_limit
2525,237.85,838,1,0,landed_success
2526,125.54,1000,0,1,time_limit
2527,-15.28,355,1,0,crashed
2528,98.23,1000,0,1,time_limit
2529,-26.15,263,1,0,crashed
2530,230.28,571,1,0,landed_success
2531,240.21,369,1,0,landed_success
2532,120.35,1000,0,1,time_limit
2533,74.51,165,1,0,crashed
2534,122.70,1000,0,1,time_limit
2535,266.10,481,1,0,landed_success
2536,209.45,891,1,0,landed_success
2537,125.50,1000,0,1,time_limit
2538,146.81,1000,0,1,time_limit
2539,113.69,1000,0,1,time_limit
2540,130.39,1000,0,1,time_limit
2541,7.39,258,1,0,crashed
2542,129.42,1000,0,1,time_limit
2543,26.20,217,1,0,crashed
2544,125.05,1000,0,1,time_limit
2545,16.30,262,1,0,crashed
2546,-18.68,232,1,0,crashed
2547,180.25,607,1,0,landed_success
2548,117.86,1000,0,1,time_limit
2549,97.04,1000,0,1,time_limit
2550,137.05,1000,0,1,time_limit
2551,-26.79,192,1,0,crashed
2552,72.54,135,1,0,crashed
2553,7.65,225,1,0,crashed
2554,97.13,1000,0,1,time_limit
2555,-29.76,189,1,0,crashed
2556,102.66,1000,0,1,time_limit
2557,244.89,308,1,0,landed_success
2558,9.12,173,1,0,crashed
2559,18.94,134,1,0,crashed
2560,24.04,102,1,0,crashed
2561,107.04,1000,0,1,time_limit
2562,27.10,200,1,0,crashed
2563,-50.06,83,1,0,crashed
2564,22.86,94,1,0,crashed
2565,-17.23,169,1,0,crashed
2566,16.51,118,1,0,crashed
2567,-42.34,164,1,0,crashed
2568,27.83,194,1,0,crashed
2569,18.13,226,1,0,crashed
2570,194.28,259,1,0,landed_success
2571,166.93,1000,0,1,time_limit
2572,197.45,318,1,0,landed_success
2573,2.83,81,1,0,crashed
2574,-65.05,199,1,0,crashed
2575,57.24,147,1,0,crashed
2576,8.23,123,1,0,crashed
2577,79.49,1000,0,1,time_limit
2578,13.83,201,1,0,crashed
2579,25.65,97,1,0,crashed
2580,150.57,1000,0,1,time_limit
2581,134.39,1000,0,1,time_limit
2582,145.06,1000,0,1,time_limit
2583,124.67,1000,0,1,time_limit
2584,65.86,160,1,0,crashed
2585,8.72,138,1,0,crashed
2586,-4.98,176,1,0,crashed
2587,143.60,1000,0,1,time_limit
2588,76.15,159,1,0,crashed
2589,97.33,1000,0,1,time_limit
2590,-10.58,165,1,0,crashed
2591,23.79,162,1,0,crashed
2592,148.78,1000,0,1,time_limit
2593,62.33,129,1,0,crashed
2594,37.00,136,1,0,crashed
2595,106.06,1000,0,1,time_limit
2596,-7.86,195,1,0,crashed
2597,59.33,153,1,0,crashed
2598,59.42,131,1,0,crashed
2599,28.64,152,1,0,crashed
2600,46.07,123,1,0,crashed
2601,54.05,140,1,0,crashed
2602,63.87,150,1,0,crashed
2603,147.00,1000,0,1,time_limit
2604,179.46,1000,0,1,time_limit
2605,261.29,319,1,0,landed_success
2606,139.51,1000,0,1,time_limit
2607,131.26,1000,0,1,time_limit
2608,139.95,1000,0,1,time_limit
2609,46.57,87,1,0,crashed
2610,252.26,497,1,0,landed_success
2611,247.65,775,1,0,landed_success
2612,0.14,104,1,0,crashed
2613,52.22,169,1,0,crashed
2614,138.07,1000,0,1,time_limit
2615,162.24,1000,0,1,time_limit
2616,135.86,1000,0,1,time_limit
2617,-1.48,183,1,0,crashed
2618,29.41,105,1,0,crashed
2619,-12.94,146,1,0,crashed
2620,156.60,1000,0,1,time_limit
2621,150.08,1000,0,1,time_limit
2622,50.47,150,1,0,crashed
2623,239.86,327,1,0,landed_success
2624,230.92,249,1,0,landed_success
2625,117.03,1000,0,1,time_limit
2626,63.93,128,1,0,crashed
2627,103.91,1000,0,1,time_limit
2628,120.93,1000,0,1,time_limit
2629,19.69,111,1,0,crashed
2630,122.25,1000,0,1,time_limit
2631,16.80,246,1,0,crashed
2632,165.48,1000,0,1,time_limit
2633,224.54,236,1,0,landed_success
2634,227.59,324,1,0,landed_success
2635,78.04,168,1,0,crashed
2636,192.93,303,1,0,landed_success
2637,198.67,370,1,0,landed_success
2638,-7.12,275,1,0,crashed
2639,260.87,357,1,0,landed_success
2640,118.96,1000,0,1,time_limit
2641,28.39,305,1,0,crashed
2642,23.25,311,1,0,crashed
2643,-58.99,292,1,0,crashed
2644,84.01,1000,0,1,time_limit
2645,109.46,1000,0,1,time_limit
2646,223.83,384,1,0,landed_success
2647,125.32,1000,0,1,time_limit
2648,28.07,1000,0,1,time_limit
2649,43.52,1000,0,1,time_limit
2650,78.92,1000,0,1,time_limit
2651,88.62,1000,0,1,time_limit
2652,193.65,578,1,0,landed_success
2653,225.16,673,1,0,landed_success
2654,79.04,1000,0,1,time_limit
2655,45.10,1000,0,1,time_limit
2656,177.64,433,1,0,landed_success
2657,114.52,1000,0,1,time_limit
2658,62.78,1000,0,1,time_limit
2659,128.30,1000,0,1,time_limit
2660,117.13,1000,0,1,time_limit
2661,226.61,732,1,0,landed_success
2662,134.81,1000,0,1,time_limit
2663,3.26,420,1,0,crashed
2664,98.58,1000,0,1,time_limit
2665,115.83,1000,0,1,time_limit
2666,116.58,1000,0,1,time_limit
2667,107.21,1000,0,1,time_limit
2668,104.07,1000,0,1,time_limit
2669,89.55,1000,0,1,time_limit
2670,114.38,1000,0,1,time_limit
2671,130.80,1000,0,1,time_limit
2672,116.74,1000,0,1,time_limit
2673,94.42,1000,0,1,time_limit
2674,151.88,1000,0,1,time_limit
2675,105.70,1000,0,1,time_limit
2676,55.33,153,1,0,crashed
2677,101.29,1000,0,1,time_limit
2678,145.75,1000,0,1,time_limit
2679,148.77,1000,0,1,time_limit
2680,161.47,1000,0,1,time_limit
2681,108.45,1000,0,1,time_limit
2682,135.31,1000,0,1,time_limit
2683,127.66,1000,0,1,time_limit
2684,131.85,1000,0,1,time_limit
2685,70.99,174,1,0,crashed
2686,170.38,1000,0,1,time_limit
2687,166.45,1000,0,1,time_limit
2688,137.58,1000,0,1,time_limit
2689,137.09,1000,0,1,time_limit
2690,100.08,1000,0,1,time_limit
2691,119.37,1000,0,1,time_limit
2692,266.19,268,1,0,landed_success
2693,133.80,1000,0,1,time_limit
2694,207.65,702,1,0,landed_success
2695,135.34,1000,0,1,time_limit
2696,111.98,1000,0,1,time_limit
2697,163.01,1000,0,1,time_limit
2698,237.05,430,1,0,landed_success
2699,136.62,1000,0,1,time_limit
2700,96.83,1000,0,1,time_limit
2701,141.11,1000,0,1,time_limit
2702,219.54,649,1,0,landed_success
2703,163.02,1000,0,1,time_limit
2704,129.20,1000,0,1,time_limit
2705,9.97,124,1,0,crashed
2706,231.44,855,1,0,landed_success
2707,124.19,1000,0,1,time_limit
2708,108.29,1000,0,1,time_limit
2709,111.47,1000,0,1,time_limit
2710,115.95,1000,0,1,time_limit
2711,179.09,1000,0,1,time_limit
2712,148.07,1000,0,1,time_limit
2713,117.41,1000,0,1,time_limit
2714,138.97,1000,0,1,time_limit
2715,157.95,1000,0,1,time_limit
2716,64.21,230,1,0,crashed
2717,165.52,1000,0,1,time_limit
2718,126.75,1000,0,1,time_limit
2719,167.54,1000,0,1,time_limit
2720,135.82,1000,0,1,time_limit
2721,142.17,1000,0,1,time_limit
2722,161.20,1000,0,1,time_limit
2723,181.25,1000,0,1,time_limit
2724,148.70,1000,0,1,time_limit
2725,137.19,1000,0,1,time_limit
2726,128.93,1000,0,1,time_limit
2727,178.61,1000,0,1,time_limit
2728,128.36,1000,0,1,time_limit
2729,148.19,1000,0,1,time_limit
2730,149.35,1000,0,1,time_limit
2731,127.36,1000,0,1,time_limit
2732,145.54,1000,0,1,time_limit
2733,143.45,1000,0,1,time_limit
2734,161.56,1000,0,1,time_limit
2735,141.87,1000,0,1,time_limit
2736,96.14,1000,0,1,time_limit
2737,161.54,1000,0,1,time_limit
2738,112.61,1000,0,1,time_limit
2739,134.77,1000,0,1,time_limit
2740,131.17,1000,0,1,time_limit
2741,171.52,1000,0,1,time_limit
2742,165.85,1000,0,1,time_limit
2743,129.58,1000,0,1,time_limit
2744,106.93,1000,0,1,time_limit
2745,96.69,1000,0,1,time_limit
2746,155.79,1000,0,1,time_limit
2747,111.37,1000,0,1,time_limit
2748,166.54,1000,0,1,time_limit
2749,136.01,1000,0,1,time_limit
2750,258.70,918,1,0,landed_success
2751,-19.10,88,1,0,crashed
2752,127.04,1000,0,1,time_limit
2753,136.82,1000,0,1,time_limit
2754,124.23,1000,0,1,time_limit
2755,12.82,208,1,0,crashed
2756,276.50,263,1,0,landed_success
2757,12.98,174,1,0,crashed
2758,121.27,1000,0,1,time_limit
2759,137.16,1000,0,1,time_limit
2760,121.14,1000,0,1,time_limit
2761,107.42,1000,0,1,time_limit
2762,35.13,85,1,0,crashed
2763,214.05,915,1,0,landed_success
2764,103.54,1000,0,1,time_limit
2765,220.26,266,1,0,landed_success
2766,23.19,189,1,0,crashed
2767,-3.16,191,1,0,crashed
2768,40.72,86,1,0,crashed
2769,246.30,217,1,0,landed_success
2770,37.03,171,1,0,crashed
2771,106.80,1000,0,1,time_limit
2772,231.09,270,1,0,landed_success
2773,275.70,432,1,0,landed_success
2774,47.93,93,1,0,crashed
2775,265.52,200,1,0,landed_success
2776,117.49,1000,0,1,time_limit
2777,132.90,1000,0,1,time_limit
2778,81.27,1000,0,1,time_limit
2779,161.39,1000,0,1,time_limit
2780,1.81,145,1,0,crashed
2781,209.93,700,1,0,landed_success
2782,106.25,1000,0,1,time_limit
2783,239.44,414,1,0,landed_success
2784,98.55,1000,0,1,time_limit
2785,277.50,313,1,0,landed_success
2786,259.87,280,1,0,landed_success
2787,127.91,1000,0,1,time_limit
2788,149.88,1000,0,1,time_limit
2789,89.66,1000,0,1,time_limit
2790,37.77,154,1,0,crashed
2791,16.11,165,1,0,crashed
2792,80.26,166,1,0,crashed
2793,94.94,1000,0,1,time_limit
2794,111.29,1000,0,1,time_limit
2795,70.47,167,1,0,crashed
2796,18.39,152,1,0,crashed
2797,76.80,142,1,0,crashed
2798,60.56,173,1,0,crashed
2799,27.38,106,1,0,crashed
2800,22.66,136,1,0,crashed
2801,164.49,1000,0,1,time_limit
2802,67.95,147,1,0,crashed
2803,126.40,1000,0,1,time_limit
2804,166.63,1000,0,1,time_limit
2805,59.94,141,1,0,crashed
2806,162.75,1000,0,1,time_limit
2807,137.32,1000,0,1,time_limit
2808,170.57,1000,0,1,time_limit
2809,146.39,1000,0,1,time_limit
2810,52.46,142,1,0,crashed
2811,71.48,134,1,0,crashed
2812,40.41,126,1,0,crashed
2813,36.14,168,1,0,crashed
2814,182.57,1000,0,1,time_limit
2815,147.57,1000,0,1,time_limit
2816,180.39,1000,0,1,time_limit
2817,121.25,1000,0,1,time_limit
2818,26.60,184,1,0,crashed
2819,148.18,1000,0,1,time_limit
2820,58.26,139,1,0,crashed
2821,134.68,1000,0,1,time_limit
2822,127.12,1000,0,1,time_limit
2823,157.34,1000,0,1,time_limit
2824,146.80,1000,0,1,time_limit
2825,139.97,1000,0,1,time_limit
2826,148.68,1000,0,1,time_limit
2827,124.68,1000,0,1,time_limit
2828,59.32,186,1,0,crashed
2829,141.88,1000,0,1,time_limit
2830,267.47,565,1,0,landed_success
2831,95.26,1000,0,1,time_limit
2832,103.79,1000,0,1,time_limit
2833,59.64,119,1,0,crashed
2834,164.61,1000,0,1,time_limit
2835,169.66,1000,0,1,time_limit
2836,58.54,157,1,0,crashed
2837,34.55,185,1,0,crashed
2838,42.89,140,1,0,crashed
2839,134.18,1000,0,1,time_limit
2840,114.74,1000,0,1,time_limit
2841,45.16,136,1,0,crashed
2842,158.00,1000,0,1,time_limit
2843,44.55,151,1,0,crashed
2844,101.13,1000,0,1,time_limit
2845,144.76,1000,0,1,time_limit
2846,105.79,1000,0,1,time_limit
2847,15.78,101,1,0,crashed
2848,72.05,142,1,0,crashed
2849,232.12,947,1,0,landed_success
2850,57.23,156,1,0,crashed
2851,47.08,146,1,0,crashed
2852,44.88,120,1,0,crashed
2853,253.54,201,1,0,landed_success
2854,259.18,329,1,0,landed_success
2855,242.11,197,1,0,landed_success
2856,59.92,158,1,0,crashed
2857,-19.25,160,1,0,crashed
2858,274.62,322,1,0,landed_success
2859,42.73,171,1,0,crashed
2860,60.89,155,1,0,crashed
2861,123.08,1000,0,1,time_limit
2862,81.68,149,1,0,crashed
2863,254.25,205,1,0,landed_success
2864,137.44,1000,0,1,time_limit
2865,258.57,274,1,0,landed_success
2866,271.44,841,1,0,landed_success
2867,194.79,990,1,0,landed_success
2868,147.12,1000,0,1,time_limit
2869,124.81,1000,0,1,time_limit
2870,167.48,1000,0,1,time_limit
2871,265.33,335,1,0,landed_success
2872,247.43,328,1,0,landed_success
2873,270.48,724,1,0,landed_success
2874,120.28,1000,0,1,time_limit
2875,225.27,685,1,0,landed_success
2876,38.70,218,1,0,crashed
2877,131.75,1000,0,1,time_limit
2878,248.51,265,1,0,landed_success
2879,21.15,191,1,0,crashed
2880,222.30,841,1,0,landed_success
2881,99.77,1000,0,1,time_limit
2882,257.97,244,1,0,landed_success
2883,155.63,1000,0,1,time_limit
2884,251.42,823,1,0,landed_success
2885,255.60,433,1,0,landed_success
2886,279.01,420,1,0,landed_success
2887,251.81,534,1,0,landed_success
2888,151.82,1000,0,1,time_limit
2889,122.18,1000,0,1,time_limit
2890,110.75,1000,0,1,time_limit
2891,218.89,268,1,0,landed_success
2892,255.91,282,1,0,landed_success
2893,38.28,197,1,0,crashed
2894,149.45,1000,0,1,time_limit
2895,121.43,1000,0,1,time_limit
2896,108.86,1000,0,1,time_limit
2897,127.58,1000,0,1,time_limit
2898,155.27,1000,0,1,time_limit
2899,264.23,305,1,0,landed_success
2900,126.25,1000,0,1,time_limit
2901,250.68,915,1,0,landed_success
2902,259.46,319,1,0,landed_success
2903,103.13,1000,0,1,time_limit
2904,102.87,1000,0,1,time_limit
2905,27.47,195,1,0,crashed
2906,134.40,1000,0,1,time_limit
2907,296.75,378,1,0,landed_success
2908,196.90,989,1,0,landed_success
2909,244.20,280,1,0,landed_success
2910,276.00,285,1,0,landed_success
2911,128.78,1000,0,1,time_limit
2912,-27.45,218,1,0,crashed
2913,157.70,1000,0,1,time_limit
2914,226.94,935,1,0,landed_success
2915,164.08,1000,0,1,time_limit
2916,267.52,302,1,0,landed_success
2917,154.62,1000,0,1,time_limit
2918,221.54,961,1,0,landed_success
2919,236.39,898,1,0,landed_success
2920,250.74,958,1,0,landed_success
2921,287.65,282,1,0,landed_success
2922,249.48,390,1,0,landed_success
2923,259.92,1000,1,1,time_limit
2924,258.66,219,1,0,landed_success
2925,271.82,285,1,0,landed_success
2926,296.72,434,1,0,landed_success
2927,133.90,1000,0,1,time_limit
2928,96.28,1000,0,1,time_limit
2929,35.58,236,1,0,crashed
2930,186.80,1000,0,1,time_limit
2931,270.91,264,1,0,landed_success
2932,110.93,1000,0,1,time_limit
2933,235.46,223,1,0,landed_success
2934,5.39,158,1,0,crashed
2935,251.09,391,1,0,landed_success
2936,30.55,174,1,0,crashed
2937,-23.07,174,1,0,crashed
2938,120.64,1000,0,1,time_limit
2939,162.00,1000,0,1,time_limit
2940,-3.44,183,1,0,crashed
2941,215.06,687,1,0,landed_success
2942,223.42,724,1,0,landed_success
2943,247.78,604,1,0,landed_success
2944,227.84,789,1,0,landed_success
2945,16.45,190,1,0,crashed
2946,139.93,1000,0,1,time_limit
2947,41.01,151,1,0,crashed
2948,48.76,167,1,0,crashed
2949,281.59,502,1,0,landed_success
2950,212.67,963,1,0,landed_success
2951,159.31,1000,0,1,time_limit
2952,153.64,1000,0,1,time_limit
2953,241.35,449,1,0,landed_success
2954,294.22,302,1,0,landed_success
2955,132.37,1000,0,1,time_limit
2956,134.74,1000,0,1,time_limit
2957,0.48,199,1,0,crashed
2958,163.96,1000,0,1,time_limit
2959,143.79,1000,0,1,time_limit
2960,96.91,1000,0,1,time_limit
2961,161.38,1000,0,1,time_limit
2962,180.96,1000,0,1,time_limit
2963,160.97,1000,0,1,time_limit
2964,158.15,1000,0,1,time_limit
2965,48.72,188,1,0,crashed
2966,107.94,1000,0,1,time_limit
2967,174.27,1000,0,1,time_limit
2968,104.30,1000,0,1,time_limit
2969,121.67,1000,0,1,time_limit
2970,56.62,132,1,0,crashed
2971,141.79,1000,0,1,time_limit
2972,100.09,1000,0,1,time_limit
2973,249.68,932,1,0,landed_success
2974,218.12,683,1,0,landed_success
2975,96.00,1000,0,1,time_limit
2976,265.54,733,1,0,landed_success
2977,125.15,1000,0,1,time_limit
2978,71.02,1000,0,1,time_limit
2979,162.90,1000,0,1,time_limit
2980,143.26,1000,0,1,time_limit
2981,117.47,1000,0,1,time_limit
2982,113.41,1000,0,1,time_limit
2983,116.25,1000,0,1,time_limit
2984,121.42,1000,0,1,time_limit
2985,158.07,1000,0,1,time_limit
2986,32.25,83,1,0,crashed
2987,294.36,397,1,0,landed_success
2988,169.99,1000,0,1,time_limit
2989,110.98,1000,0,1,time_limit
2990,136.24,1000,0,1,time_limit
2991,151.27,1000,0,1,time_limit
2992,167.53,1000,0,1,time_limit
2993,133.04,1000,0,1,time_limit
2994,99.35,1000,0,1,time_limit
2995,134.19,1000,0,1,time_limit
2996,108.59,1000,0,1,time_limit
2997,221.33,803,1,0,landed_success
2998,165.27,1000,0,1,time_limit
2999,142.75,1000,0,1,time_limit
3000,208.46,833,1,0,landed_success
